"","X","price","totsp","livesp","kitsp","dist","metrdist","walk","brick","floor"
"1",1,730,134,102,10,9,10,1,1,1
"2",2,477,119,93,15,9,1,1,0,1
"3",3,350,80,44,14,10.5,10,1,1,0
"4",4,410,102,75,10,6.5,5,1,1,1
"5",5,50,63,47,7,12,20,0,1,0
"6",6,340,83,49,19,9,5,1,1,1
"7",7,285,90,61,6,14.5,10,1,0,1
"8",8,470,146,86,16,14.5,5,1,1,1
"9",9,135,105,58,21,13.5,15,1,1,1
"10",10,470,120,75,18,9,10,1,1,1
"11",11,450,125,80,20,9,3,1,0,1
"12",12,87,90,57,13,14.5,15,1,1,1
"13",13,142,125,66,19,10.5,10,1,0,1
"14",14,73,77,45,10,5,7,1,0,1
"15",15,126,119,67,17,15.5,10,1,0,0
"16",16,350,90,62,12,10.5,5,0,0,1
"17",17,270,82,49,13,8,15,1,0,1
"18",18,420,102,70,20,3,2,1,1,1
"19",19,52,86,46,9,12,10,0,0,1
"20",20,530,150,80,15,7.5,7,1,1,1
"21",21,127,119,68,15,15.5,10,1,0,1
"22",22,170,53,33,9,3,10,1,1,1
"23",23,116,77,45,18,6,7,0,0,1
"24",24,84,74,41,12,7,3,1,0,1
"25",25,350,113,85,20,9,10,1,0,1
"26",26,130,109,51,16,13.5,10,0,1,1
"27",27,223,63,38,7,7.5,3,1,1,1
"28",28,285,90,57,7,3,3,1,0,1
"29",29,175,112,78,16,7,10,1,1,1
"30",30,190,106,58,24,9,5,0,0,1
"31",31,56,68,43,7,13.5,10,0,1,1
"32",32,310,100,62,17,4.5,15,1,0,1
"33",33,100,77,50,6,3.5,3,1,1,1
"34",34,135,65,39,7,12,15,0,0,0
"35",35,260,107,58,14,13,1,1,0,1
"36",36,125,93,66,9,6,5,1,1,0
"37",37,220,148,85,14,14.5,7,0,1,1
"38",38,280,108,65,14,14.5,15,1,1,1
"39",39,299,100,65,11,9,10,1,0,1
"40",40,147,111,65,16,14.5,6,0,1,1
"41",41,174,130,71,16,14.5,4,0,0,1
"42",42,92,85,53,10,12,15,1,1,0
"43",43,207,134,77,21,15.5,5,1,0,1
"44",44,360,103,80,14,3,3,1,1,1
"45",45,260,80,46,12,9,2,1,1,1
"46",46,160,57,42,8,3.5,5,1,1,1
"47",47,250,100,50,15,12.7,5,1,0,1
"48",48,352,108,81,16,4.5,10,1,1,1
"49",49,210,71,45,15,9,1,1,1,1
"50",50,170,98,73,12,6,1,1,1,0
"51",51,210,71,45,6,9,1,1,1,1
"52",52,99,79,62,6,17,2,1,1,0
"53",53,260,70,45,8,8,7,1,1,0
"54",54,340,121,72,13,12.5,3,1,1,1
"55",55,82,62,32,7,6,5,1,1,0
"56",56,215,67,42,9,7.5,3,1,1,1
"57",57,72,64,43,7,6,7,1,0,1
"58",58,252,132,74,23,12.5,3,1,1,0
"59",59,199,127,62,20,13.5,10,0,1,1
"60",60,371,120,59,15,7,10,0,0,1
"61",61,371,120,59,15,7,10,0,0,1
"62",62,250,74,56,8,4.5,7,1,1,1
"63",63,151,111,64,16,14.5,10,0,1,1
"64",64,160,119,68,10,11,7,1,1,0
"65",65,190,73,41,11,3.5,1,1,1,1
"66",66,180,71,42,8,7,15,0,0,1
"67",67,299,99,65,11,9,10,1,1,1
"68",68,250,74,47,10,3,5,1,1,0
"69",69,200,85,54,14,14.5,15,1,0,1
"70",70,210,94,59,11,12.7,2,1,1,1
"71",71,132,94,60,11,6.5,3,1,0,0
"72",72,150,112,64,16,14.5,5,0,0,1
"73",73,120,56,42,6,12,5,1,1,1
"74",74,330,104,60,11,10.5,7,0,1,1
"75",75,460,153,84,18,9,5,1,1,1
"76",76,370,111,60,13,8,5,1,1,1
"77",77,380,130,72,15,7,5,0,0,1
"78",78,126,84,56,9,3.5,4,1,1,1
"79",79,299,100,75,12,6.5,5,1,1,1
"80",80,150,92,69,8,4.5,10,1,1,1
"81",81,79,65,45,7,6,7,1,0,1
"82",82,120,66,40,19,7.5,10,1,1,1
"83",83,230,103,51,14,14.5,15,1,1,1
"84",84,210,80,42,20,8,5,1,0,1
"85",85,160,68,44,8,17,5,1,0,1
"86",86,230,95,64,10,10.5,15,1,1,1
"87",87,90,64,39,9,6,5,0,1,1
"88",88,150,108,56,15,11,5,1,1,1
"89",89,200,90,60,10,12,10,1,1,1
"90",90,190,85,53,12,12,3,1,0,0
"91",91,96,76,53,8,6,10,0,1,1
"92",92,130,56,40,5,3.5,10,1,1,0
"93",93,185,66,44,6,9,3,1,1,0
"94",94,240,81,54,8,9,3,1,1,0
"95",95,150,54,39,6,7,3,1,1,1
"96",96,135,84,55,11,3,15,1,1,1
"97",97,110,85,54,10,6,10,0,1,1
"98",98,130,56,42,7,14.5,3,1,1,1
"99",99,120,75,48,11,3,15,1,1,1
"100",100,450,145,82,14,4.5,3,1,1,1
"101",101,180,83,53,8,12,5,1,1,1
"102",102,170,92,62,18,6,7,1,1,1
"103",103,315,118,54,12,3.5,2,1,1,1
"104",104,160,92,69,14,4.5,10,1,1,1
"105",105,245,80,49,10,3,10,1,1,0
"106",106,152,108,56,15,11,5,1,1,1
"107",107,113,91,52,9,6.5,10,1,1,1
"108",108,451,156,80,20,10.5,5,0,1,1
"109",109,73,53,34,6,7.5,3,1,1,0
"110",110,309,107,72,17,10.5,1,1,1,1
"111",111,245,83,48,12,7.5,10,1,1,1
"112",112,170,82,52,20,5,1,1,0,1
"113",113,75,79,47,8,17,10,0,0,1
"114",114,145,63,41,8,3.5,3,1,0,1
"115",115,130,96,57,9,7.5,5,0,1,1
"116",116,270,97,56,18,8,10,1,1,1
"117",117,109,79,45,13,14.5,5,0,1,1
"118",118,371,128,70,18,7,5,0,0,1
"119",119,125,66,40,10,12,20,1,0,1
"120",120,212,119,70,17,9,5,0,1,1
"121",121,115,86,67,13,13.5,15,0,0,1
"122",122,120,77,51,12,4.5,7,0,1,1
"123",123,132,88,63,8,8,5,1,1,1
"124",124,235,92,52,15,3.5,3,1,0,1
"125",125,250,78,47,10,10.5,7,1,0,1
"126",126,171,96,50,18,7,5,1,0,1
"127",127,120,100,63,9,13,7,0,0,1
"128",128,110,51,34,6,3.5,7,1,0,1
"129",129,90,72,53,10,11.5,5,0,1,1
"130",130,135,75,43,11,12.7,15,1,0,1
"131",131,227,134,70,16,9,5,1,0,1
"132",132,215,76,55,8,7.5,2,1,1,1
"133",133,210,72,49,7,7.5,5,1,1,1
"134",134,200,77,46,10,3,15,1,1,1
"135",135,85,65,43,5,7.5,5,1,1,1
"136",136,125,63,43,6,17,5,1,1,1
"137",137,220,81,46,13,9,7,1,0,1
"138",138,114,83,46,12,7,10,1,0,1
"139",139,210,80,49,10,12.5,5,1,1,1
"140",140,225,101,65,15,10.5,20,1,1,1
"141",141,109,79,45,13,14.5,7,0,1,1
"142",142,201,82,55,9,13.5,7,1,0,1
"143",143,100,77,52,9,10.5,15,0,1,1
"144",144,260,135,75,20,12.5,3,1,1,0
"145",145,130,86,54,13,6,10,1,0,1
"146",146,193,78,55,8,7.5,10,1,0,1
"147",147,196,78,46,10,14.5,5,1,0,1
"148",148,115,57,38,8,12,5,1,0,1
"149",149,120,76,49,9,3,10,1,1,0
"150",150,115,77,51,7,5,5,1,1,0
"151",151,97,80,48,8,13,5,0,1,1
"152",152,230,80,46,13,5,4,1,1,1
"153",153,167,113,64,13,14.5,5,0,1,1
"154",154,160,114,67,15,14.5,10,0,0,1
"155",155,105,72,52,8,6,15,0,1,1
"156",156,200,121,71,12,10,3,1,0,1
"157",157,200,72,46,9,9,10,1,1,1
"158",158,197,70,46,7,4.5,3,1,1,1
"159",159,140,56,40,5,9,5,1,1,0
"160",160,149,77,45,10,13,2,1,0,1
"161",161,160,84,50,9,12.7,1,1,0,1
"162",162,165,99,70,9,7.5,7,0,1,1
"163",163,95,63,42,8,3.5,5,1,1,1
"164",164,170,81,60,13,13,5,1,0,1
"165",165,116,75,51,9,3.5,5,0,1,0
"166",166,140,99,51,12,10.5,1,1,0,0
"167",167,153,80,40,25,10.5,10,0,0,1
"168",168,163,115,66,15,13.5,10,0,0,1
"169",169,226,82,52,10,3,3,1,0,1
"170",170,114,93,51,12,10,7,1,0,0
"171",171,129,99,55,11,10.5,15,1,0,0
"172",172,125,83,53,10,5,12,1,0,0
"173",173,180,79,45,10,8,15,1,0,1
"174",174,145,74,45,10,15.5,15,1,0,1
"175",175,141,113,58,13,13.5,10,0,0,1
"176",176,78,63,47,6,13.5,5,0,1,1
"177",177,185,78,53,8,7.5,15,1,1,1
"178",178,225,80,56,9,9,5,1,1,1
"179",179,170,86,56,10,12,2,1,0,1
"180",180,147,77,44,10,13,2,1,0,1
"181",181,220,83,53,9,4.5,5,1,0,0
"182",182,179,65,45,8,9,5,1,1,1
"183",183,265,100,56,14,7,10,0,0,1
"184",184,245,85,54,12,9,7,1,1,1
"185",185,88,72,51,9,11.5,10,0,1,1
"186",186,177,74,45,8,5,15,1,1,1
"187",187,155,60,40,11,7.5,5,1,1,1
"188",188,105,75,50,8,6.5,15,1,1,0
"189",189,199,70,46,8,7.5,7,1,1,1
"190",190,230,109,58,18,12.7,2,1,0,1
"191",191,220,100,49,13,14.5,10,1,1,1
"192",192,100,83,53,10,12,15,0,0,0
"193",193,170,65,45,7,7.5,2,1,1,1
"194",194,125,81,56,9,6,5,1,1,0
"195",195,200,71,46,8,4.5,5,1,1,0
"196",196,101,62,43,6,12,15,1,0,1
"197",197,78,64,39,8,7,10,0,0,1
"198",198,72,60,42,6,11.5,10,0,1,0
"199",199,110,77,46,10,6,10,0,0,1
"200",200,98,74,46,11,12.5,10,0,1,0
"201",201,110,86,53,9,10.5,5,0,0,0
"202",202,220,77,49,10,7.5,5,1,1,1
"203",203,155,64,36,8,8,7,1,1,0
"204",204,155,60,40,8,7.5,5,1,1,1
"205",205,194,106,60,17,9,5,0,1,1
"206",206,142,83,45,10,12.7,15,1,0,1
"207",207,170,86,59,10,17,10,0,1,1
"208",208,103,78,54,11,12,15,1,1,0
"209",209,159,109,64,13,14.5,10,0,1,1
"210",210,95,74,45,8,14.5,5,0,1,0
"211",211,115,77,50,9,3.5,7,1,0,0
"212",212,175,81,47,10,14.5,10,0,1,1
"213",213,112,79,45,8,11.5,2,1,1,1
"214",214,175,79,47,9,14.5,7,1,1,1
"215",215,200,78,50,7,8,10,1,1,1
"216",216,89,79,52,10,15.5,10,1,0,1
"217",217,118,71,41,8,12,15,0,0,1
"218",218,93,78,46,10,12,15,0,0,1
"219",219,160,77,45,10,12,15,1,0,1
"220",220,132,84,52,11,12.7,20,1,0,1
"221",221,85,59,44,6,7,1,1,0,1
"222",222,150,75,51,8,12,15,1,0,0
"223",223,250,92,57,11,9,3,1,1,1
"224",224,98,79,48,10,12,10,1,1,1
"225",225,122,93,52,14,13.5,10,1,0,1
"226",226,130,82,37,12,6,10,1,0,1
"227",227,138,95,63,9,10,10,1,0,1
"228",228,225,80,53,9,7,5,1,1,1
"229",229,99,72,50,9,7.5,10,0,1,1
"230",230,230,92,60,14,9,10,1,0,0
"231",231,100,83,48,10,12,15,0,0,0
"232",232,81,53,34,6,13,15,1,0,0
"233",233,96,60,43,6,12,15,1,0,1
"234",234,208,115,70,14,10,3,1,1,1
"235",235,170,68,39,10,4.5,10,1,1,0
"236",236,70,58,41,6,14.5,10,0,1,1
"237",237,166,77,45,11,10.5,15,1,1,1
"238",238,150,78,44,10,14.5,15,1,0,1
"239",239,190,72,46,10,9,5,1,1,1
"240",240,167,74,43,10,14.5,5,1,0,1
"241",241,165,65,45,9,9,10,1,1,1
"242",242,165,65,45,9,9,10,1,1,1
"243",243,84,76,45,10,17,10,1,0,1
"244",244,130,78,53,13,3.5,10,1,1,1
"245",245,185,80,53,9,7.5,15,1,1,1
"246",246,180,71,47,7,7.5,10,1,1,1
"247",247,220,103,49,13,14.5,10,1,1,1
"248",248,78,55,37,6,11.5,2,1,1,1
"249",249,78,55,37,6,11.5,2,1,1,1
"250",250,165,90,65,8,6,2,1,1,1
"251",251,159,107,64,13,14.5,10,0,1,1
"252",252,200,122,68,12,10,5,1,0,1
"253",253,123,58,40,7,13.5,5,0,1,1
"254",254,164,72,48,7,3.5,5,1,1,1
"255",255,118,77,43,11,7,5,0,0,1
"256",256,185,76,43,10,8,10,1,0,1
"257",257,185,68,47,8,4.5,5,1,1,1
"258",258,125,77,51,8,6,3,1,1,1
"259",259,160,68,40,9,9,10,1,1,1
"260",260,104,84,52,11,13,5,0,0,1
"261",261,158,64,44,9,7,3,1,0,1
"262",262,138,86,54,10,6,5,0,1,1
"263",263,116,77,45,10,6,7,0,0,1
"264",264,240,92,57,12,6.5,12,1,1,1
"265",265,129,69,42,9,14.5,15,1,0,1
"266",266,81,56,41,5,6,10,0,1,1
"267",267,115,77,50,9,6,10,1,1,1
"268",268,149,92,50,14,10,7,1,1,1
"269",269,132,96,56,12,10.5,7,0,0,1
"270",270,154,95,51,11,6.5,3,1,1,1
"271",271,145,74,45,11,17,10,0,0,1
"272",272,127,92,50,11,6.5,10,1,0,1
"273",273,167,74,43,10,14.5,7,1,0,1
"274",274,130,84,54,8,6.5,15,1,1,1
"275",275,92,82,48,8,13,12,0,0,1
"276",276,111,75,42,11,14.5,3,0,1,1
"277",277,185,80,45,13,12,5,0,0,1
"278",278,165,96,58,14,7,5,0,0,1
"279",279,340,125,70,18,7,10,0,1,1
"280",280,210,79,53,8,7,5,1,1,1
"281",281,123,81,48,9,12,20,0,0,0
"282",282,230,85,58,13,3,5,1,0,1
"283",283,100,58,30,6,17,1,1,0,1
"284",284,105,78,50,8,9,10,1,1,0
"285",285,155,73,49,9,10.5,15,1,1,1
"286",286,155,73,49,9,10.5,15,1,1,1
"287",287,140,75,40,11,13,5,0,0,1
"288",288,97,76,45,10,12,10,1,1,1
"289",289,105,58,44,5,17,2,1,1,1
"290",290,78,52,34,6,13,15,1,0,1
"291",291,104,80,45,13,13,5,0,0,1
"292",292,104,80,45,13,13,5,0,0,1
"293",293,170,82,52,15,5,1,1,1,1
"294",294,100,80,45,12,12.7,15,1,0,1
"295",295,122,96,54,12,13.5,10,0,0,0
"296",296,170,80,48,9,14.5,7,1,1,1
"297",297,190,81,46,12,12,5,0,0,1
"298",298,240,106,71,9,9,10,1,1,1
"299",299,80,56,37,6,10,1,1,0,0
"300",300,95,82,50,10,12,10,0,0,1
"301",301,84,57,42,6,7.5,5,0,1,1
"302",302,98,70,39,9,11.5,2,1,0,0
"303",303,109,79,45,13,14.5,5,0,0,1
"304",304,198,80,45,10,7,7,0,0,1
"305",305,130,81,56,9,6,7,1,1,0
"306",306,130,81,56,9,6,7,1,1,1
"307",307,179,73,47,6,3,10,1,1,1
"308",308,150,106,63,12,13.5,10,0,0,1
"309",309,115,75,47,8,6.5,15,1,1,0
"310",310,130,82,54,8,3.5,10,1,1,1
"311",311,150,67,39,8,12,5,1,0,1
"312",312,150,97,63,11,10,7,1,0,1
"313",313,139,80,48,10,10.5,15,1,0,1
"314",314,85,58,43,5,7,5,0,0,1
"315",315,161,108,60,13,14.5,10,0,1,1
"316",316,95,61,43,6,12,15,1,0,0
"317",317,140,67,46,9,8,15,1,0,1
"318",318,75,53,35,7,11.5,5,1,1,0
"319",319,75,53,35,7,11.5,5,1,1,0
"320",320,110,75,52,9,7.5,10,0,1,1
"321",321,140,76,44,10,12,2,1,0,1
"322",322,130,56,41,6,9,5,1,1,0
"323",323,124,96,52,10,13.5,5,1,0,1
"324",324,73,54,35,5,10.5,3,1,1,0
"325",325,151,102,70,9,10.5,12,1,1,1
"326",326,80,59,39,6,8,15,0,0,1
"327",327,82,60,41,6,11.5,5,1,1,1
"328",328,124,80,51,9,6,10,0,1,1
"329",329,103,75,45,10,12,5,0,1,1
"330",330,108,66,42,6,3.5,3,1,1,0
"331",331,98,75,50,8,11.5,5,0,0,1
"332",332,115,62,38,9,17,7,1,0,0
"333",333,170,80,50,8,9,15,0,1,1
"334",334,209,90,57,8,10.5,2,1,1,1
"335",335,90,78,45,10,13.5,10,0,0,1
"336",336,149,78,48,13,4.5,5,1,1,1
"337",337,122,96,51,12,13.5,10,0,0,0
"338",338,155,75,45,10,9,15,1,0,1
"339",339,260,110,56,15,12.5,3,1,1,1
"340",340,179,77,43,10,8,10,1,0,1
"341",341,192,123,68,16,14.5,10,0,0,0
"342",342,120,74,45,10,13,15,1,0,1
"343",343,103,74,45,8,12,5,1,1,0
"344",344,110,58,43,6,14.5,10,1,1,1
"345",345,91,78,45,10,17,10,1,0,1
"346",346,190,73,54,9,3,10,1,1,1
"347",347,128,57,38,6,9,5,1,1,1
"348",348,84,58,42,5,7.5,15,1,1,1
"349",349,74,53,34,6,10.5,7,0,1,0
"350",350,156,70,48,7,9,2,1,0,1
"351",351,145,62,41,9,9,5,1,0,1
"352",352,113,73,52,8,7.5,5,0,1,0
"353",353,144,95,62,11,10,10,1,0,1
"354",354,87,58,40,6,6.5,5,1,0,0
"355",355,160,86,51,8,12,2,1,1,1
"356",356,210,105,55,14,17,5,0,0,1
"357",357,200,100,66,21,9,15,1,1,1
"358",358,115,64,44,7,12,5,0,0,1
"359",359,95,77,45,10,13,5,0,0,1
"360",360,190,78,46,10,8,10,1,1,1
"361",361,115,65,39,8,13,10,0,0,1
"362",362,128,83,44,10,7,2,1,0,1
"363",363,71,54,34,6,7,7,0,0,0
"364",364,133,75,52,9,3,15,1,1,0
"365",365,160,101,51,15,7,7,1,0,1
"366",366,107,65,39,8,12.5,20,1,0,1
"367",367,105,78,54,9,11,10,1,1,1
"368",368,145,78,50,10,12,3,1,0,1
"369",369,117,80,44,13,10.5,10,0,0,1
"370",370,143,93,57,9,10.5,5,0,1,1
"371",371,105,54,34,6,3.5,7,1,0,1
"372",372,125,66,44,9,12.5,15,1,0,1
"373",373,86,51,35,6,17,10,1,0,0
"374",374,135,70,40,9,15.5,10,1,0,1
"375",375,74,60,43,6,13.5,5,0,0,0
"376",376,300,127,66,15,12.5,5,1,1,1
"377",377,78,58,44,6,7,7,1,0,0
"378",378,125,67,46,8,12.5,15,1,0,1
"379",379,104,72,46,11,12.5,10,0,1,0
"380",380,88,51,35,6,10.5,3,1,0,1
"381",381,128,72,53,8,3,10,1,1,0
"382",382,93,79,45,10,13,7,0,0,0
"383",383,86,55,40,5,7,2,0,0,1
"384",384,113,75,51,9,7.5,10,1,1,0
"385",385,68,57,37,6,13.5,15,1,0,0
"386",386,82,59,45,6,10,7,1,1,0
"387",387,98,72,44,7,11.5,7,1,1,0
"388",388,133,75,48,9,3,12,1,1,0
"389",389,205,88,59,9,9,10,1,1,0
"390",390,101,59,44,6,17,10,1,0,1
"391",391,75,65,45,7,14.5,10,0,0,1
"392",392,82,70,40,8,17,7,0,0,1
"393",393,75,56,37,5,10,5,0,0,1
"394",394,175,70,40,8,3,5,1,1,1
"395",395,100,78,44,9,13.5,20,0,0,1
"396",396,77,61,45,6,13.5,5,0,0,0
"397",397,135,76,44,10,12.7,2,1,0,0
"398",398,225,92,48,13,9,1,1,1,1
"399",399,143,74,45,11,11,5,1,0,1
"400",400,115,64,38,8,17,5,1,0,1
"401",401,127,85,46,14,12,7,1,1,1
"402",402,170,71,47,8,7.5,10,1,1,1
"403",403,170,80,45,13,12,10,1,0,1
"404",404,77,55,38,6,7.5,10,1,0,0
"405",405,89,59,38,6,12,15,1,0,1
"406",406,215,90,61,9,9,1,1,1,1
"407",407,80,55,41,5,11.5,3,1,1,1
"408",408,95,82,48,8,13,10,1,0,1
"409",409,169,70,44,8,8,5,1,1,1
"410",410,265,136,88,14,10.5,10,1,1,1
"411",411,170,89,51,12,12.7,6,1,0,0
"412",412,190,77,54,9,9,5,0,1,1
"413",413,130,75,44,8,12.7,3,1,0,1
"414",414,110,63,38,8,17,10,1,0,1
"415",415,112,72,51,8,6.5,5,1,1,0
"416",416,112,72,51,8,6.5,5,1,1,1
"417",417,143,85,52,9,5,8,1,1,1
"418",418,95,54,38,6,10.5,5,1,0,1
"419",419,105,60,43,6,17,5,1,0,1
"420",420,140,87,57,7,10.5,3,1,1,1
"421",421,193,100,56,12,12,10,0,1,1
"422",422,168,105,56,12,9,5,1,0,1
"423",423,85,57,42,6,7.5,15,1,1,1
"424",424,169,68,40,8,3,5,1,1,1
"425",425,100,75,45,10,12,10,1,1,1
"426",426,145,69,47,7,3.5,10,1,1,1
"427",427,80,58,43,6,10,10,1,1,1
"428",428,80,68,42,8,13.5,7,1,0,0
"429",429,100,80,51,10,13.5,10,0,0,1
"430",430,111,64,40,7,17,10,1,0,0
"431",431,75,55,36,6,11.5,10,1,1,1
"432",432,180,73,46,10,7.5,3,1,1,1
"433",433,125,79,56,8,7.5,10,1,1,1
"434",434,140,85,50,8,6.5,2,1,1,1
"435",435,95,75,43,11,14.5,10,0,0,1
"436",436,88,60,40,5,7,7,1,0,1
"437",437,155,80,46,13,12,15,1,0,0
"438",438,107,75,53,9,11.5,10,1,1,0
"439",439,165,100,54,12,6.5,3,1,0,1
"440",440,95,57,41,6,4.5,7,1,1,0
"441",441,150,68,46,9,12,5,1,1,1
"442",442,165,87,51,12,12.7,6,1,0,0
"443",443,180,83,53,8,10.5,5,1,0,1
"444",444,100,57,42,6,11,10,1,1,1
"445",445,129,79,47,8,10.5,15,1,0,1
"446",446,145,80,53,9,6,2,1,1,1
"447",447,93,60,43,6,17,15,0,0,1
"448",448,131,84,60,10,9,10,1,0,1
"449",449,168,104,60,16,12,10,1,0,1
"450",450,120,74,51,8,7,5,0,1,1
"451",451,140,78,45,10,12,2,1,0,1
"452",452,120,84,45,11,7,10,1,0,1
"453",453,74,56,37,6,15.5,7,0,1,0
"454",454,115,56,39,5,4.5,15,1,1,1
"455",455,87,56,37,6,7,7,0,1,1
"456",456,140,82,61,6,3.5,7,1,1,1
"457",457,70,50,32,5,11.5,7,0,1,0
"458",458,139,72,45,9,10.5,7,1,0,1
"459",459,135,68,32,13,3,10,1,1,1
"460",460,100,79,51,10,13.5,10,0,0,1
"461",461,165,75,45,10,12.5,5,1,0,1
"462",462,140,83,53,12,12,15,0,0,1
"463",463,147,65,46,8,3,10,1,0,1
"464",464,165,90,58,11,4.5,7,0,0,1
"465",465,135,77,41,11,13,10,1,0,1
"466",466,79,57,43,6,10.5,10,0,1,1
"467",467,138,77,45,10,13,5,0,0,1
"468",468,85,58,43,5,7,10,0,0,1
"469",469,141,74,43,10,15.5,10,0,0,1
"470",470,129,64,39,9,13.5,5,0,0,1
"471",471,115,68,46,7,14.5,15,1,0,1
"472",472,120,80,50,8,10.5,5,0,1,1
"473",473,372,158,80,20,10.5,10,1,0,1
"474",474,85,59,44,6,9,5,0,0,1
"475",475,100,78,44,8,13.5,20,0,0,1
"476",476,105,61,40,8,12,3,1,0,1
"477",477,85,58,45,6,10,3,1,0,1
"478",478,140,66,43,7,8,10,0,0,1
"479",479,133,65,47,8,12.5,2,1,0,1
"480",480,212,112,60,17,7,10,1,0,1
"481",481,98,64,43,7,12,15,1,0,1
"482",482,70,60,43,6,17,10,1,0,1
"483",483,129,66,44,9,9,15,1,0,0
"484",484,205,93,66,9,9,10,1,1,1
"485",485,185,73,45,8,3,2,1,1,1
"486",486,90,54,42,6,17,10,1,0,1
"487",487,100,75,45,10,13.5,5,1,0,0
"488",488,145,96,56,9,11,15,1,1,0
"489",489,130,60,42,7,9,10,1,1,0
"490",490,130,78,53,9,3.5,10,1,1,1
"491",491,112,74,52,7,11,5,1,1,0
"492",492,130,74,53,7,4.5,7,1,1,1
"493",493,222,134,75,16,12,5,1,0,1
"494",494,153,87,66,9,7.5,10,1,1,1
"495",495,108,78,47,10,12,3,1,0,0
"496",496,116,66,47,8,12,10,0,0,1
"497",497,153,75,45,10,7,15,1,0,0
"498",498,155,85,47,11,12.7,5,1,0,1
"499",499,155,85,47,11,12.7,5,1,0,1
"500",500,113,54,34,6,3,10,1,0,1
"501",501,169,95,58,14,9,7,0,1,1
"502",502,85,65,43,10,12,5,0,0,1
"503",503,129,59,41,6,9,5,1,1,0
"504",504,135,77,46,10,12.7,2,1,0,1
"505",505,106,72,52,9,11.5,7,0,1,1
"506",506,180,78,52,8,9,1,1,1,1
"507",507,139,74,52,9,10.5,7,1,0,1
"508",508,145,84,53,10,15.5,15,1,0,1
"509",509,219,113,60,20,9,10,1,0,1
"510",510,185,75,48,10,7,3,1,1,1
"511",511,123,79,45,13,9,20,1,0,1
"512",512,150,75,46,11,9,15,1,0,1
"513",513,145,82,47,10,14.5,15,1,0,1
"514",514,118,74,52,9,7.5,7,0,1,1
"515",515,82,56,39,5,10.5,5,0,1,1
"516",516,108,79,47,8,14.5,3,0,0,0
"517",517,75,56,38,6,10,7,1,0,1
"518",518,80,58,43,5,7,7,1,0,1
"519",519,210,81,48,10,3,5,1,1,1
"520",520,113,70,50,9,6,10,1,0,0
"521",521,120,82,53,9,11.5,10,0,1,1
"522",522,77,58,37,5,7,12,0,0,1
"523",523,156,83,55,9,10.5,10,1,1,1
"524",524,160,87,56,9,3,10,1,0,1
"525",525,81,59,42,6,12,10,1,1,1
"526",526,120,77,45,10,7,10,1,0,1
"527",527,98,60,44,6,14.5,15,1,0,1
"528",528,97,75,45,10,13,5,0,0,1
"529",529,153,87,55,10,6.5,5,0,1,1
"530",530,113,84,54,10,13,5,0,0,1
"531",531,95,76,45,10,14.5,10,0,0,1
"532",532,145,88,52,12,6.5,7,1,1,1
"533",533,75,55,36,6,14.5,7,0,1,0
"534",534,145,69,43,7,3.5,3,1,1,1
"535",535,81,58,40,6,12.5,7,1,1,1
"536",536,101,77,45,13,13,10,0,0,1
"537",537,114,59,39,6,3.5,5,1,0,1
"538",538,270,105,74,10,5,1,1,1,1
"539",539,130,73,41,10,12,5,0,0,1
"540",540,110,74,53,8,11,15,1,1,0
"541",541,90,57,38,6,7.5,6,1,1,0
"542",542,113,77,44,10,9,7,0,0,1
"543",543,117,80,53,8,11.5,10,0,1,0
"544",544,120,69,40,9,13.5,15,1,0,1
"545",545,118,63,37,8,14.5,5,1,0,1
"546",546,140,82,49,8,13,5,1,0,1
"547",547,115,78,54,8,11.5,10,1,1,1
"548",548,195,83,55,9,9,3,1,1,1
"549",549,150,66,47,9,7,3,1,0,1
"550",550,82,58,35,11,12.5,10,0,0,0
"551",551,145,76,51,8,3,5,1,1,0
"552",552,162,71,49,9,9,10,1,1,1
"553",553,135,72,43,9,10.5,15,1,0,0
"554",554,130,87,57,7,13.5,7,1,1,0
"555",555,110,65,43,7,12,10,0,0,1
"556",556,197,101,60,15,7,7,0,1,1
"557",557,110,75,52,9,11.5,10,1,1,0
"558",558,102,58,38,6,15.5,8,1,0,1
"559",559,167,74,45,11,5,10,1,0,1
"560",560,163,72,43,9,7,10,0,1,1
"561",561,120,60,37,8,12,8,0,0,1
"562",562,160,73,41,8,7,5,0,0,0
"563",563,105,53,39,5,3.5,7,1,1,0
"564",564,105,67,45,8,7.5,5,0,0,0
"565",565,127,79,45,13,12,3,1,0,1
"566",566,114,79,45,13,14.5,7,0,0,1
"567",567,132,74,53,7,4.5,7,1,1,1
"568",568,88,51,34,6,14.5,10,1,0,1
"569",569,82,55,34,5,10.5,5,0,1,1
"570",570,153,66,43,9,5,10,1,1,1
"571",571,131,74,43,10,13.5,15,1,0,1
"572",572,95,72,43,12,12.7,7,0,0,0
"573",573,95,72,43,12,12.7,7,0,0,0
"574",574,115,74,45,10,13,15,1,0,1
"575",575,115,74,45,10,13,15,1,0,1
"576",576,115,75,42,8,12,15,0,0,1
"577",577,115,75,42,8,12,15,0,0,1
"578",578,93,59,44,6,7,5,0,0,0
"579",579,92,70,50,6,12,5,0,0,1
"580",580,160,75,44,10,12,5,1,0,1
"581",581,77,58,42,6,12.5,5,0,0,0
"582",582,155,85,49,9,12,5,1,1,1
"583",583,145,90,55,10,9,7,1,1,0
"584",584,170,77,52,7,3,15,1,1,1
"585",585,140,68,46,7,9,10,1,0,1
"586",586,156,70,48,7,9,2,1,1,1
"587",587,153,86,55,10,6.5,5,0,1,1
"588",588,85,69,48,6,12,10,0,0,1
"589",589,105,61,38,8,17,5,1,0,0
"590",590,118,63,38,8,14.5,5,1,0,1
"591",591,84,58,42,6,13,15,1,0,0
"592",592,165,79,53,9,8,15,1,1,1
"593",593,105,68,46,8,12,15,1,0,1
"594",594,119,80,45,13,14.5,5,0,0,1
"595",595,227,104,54,10,10.5,8,1,0,1
"596",596,125,62,40,8,12.5,5,1,0,1
"597",597,170,85,50,9,13.5,9,0,1,1
"598",598,280,145,66,16,12.7,3,1,0,0
"599",599,165,74,46,10,5,10,1,0,1
"600",600,103,77,46,11,13,5,0,0,1
"601",601,87,58,45,5,10,3,1,0,1
"602",602,75,56,37,5,10,10,1,0,0
"603",603,110,79,47,8,14.5,3,0,0,0
"604",604,170,78,51,9,10.5,10,1,1,1
"605",605,80,60,45,6,13.5,5,0,0,1
"606",606,75,51,34,6,9,5,0,0,0
"607",607,145,81,43,10,17,3,1,0,0
"608",608,170,75,55,8,9,7,1,1,1
"609",609,115,59,39,6,10,10,1,0,0
"610",610,180,90,56,11,9,15,1,0,0
"611",611,123,70,47,8,12,7,0,0,1
"612",612,110,59,38,8,14.5,5,0,0,1
"613",613,100,60,39,6,17,5,1,0,1
"614",614,87,55,36,6,3.5,10,1,1,1
"615",615,135,76,44,9,5,7,1,1,1
"616",616,133,65,47,8,12.5,5,1,0,1
"617",617,150,78,44,8,13.5,1,1,0,1
"618",618,165,69,47,7,4.5,5,0,1,1
"619",619,415,152,80,17,3,5,1,0,1
"620",620,140,70,51,8,12.5,10,1,1,1
"621",621,107,57,41,6,12.5,10,1,1,1
"622",622,79,55,40,6,10.5,10,0,1,1
"623",623,97,77,47,9,14.5,10,1,0,0
"624",624,115,77,45,7,9,5,1,0,0
"625",625,157,75,53,10,12.5,5,1,0,1
"626",626,150,78,54,7,3.5,15,0,1,1
"627",627,185,80,53,9,7.5,10,1,1,1
"628",628,102,60,43,6,12,5,0,1,1
"629",629,125,64,44,9,12,12,1,0,1
"630",630,110,77,46,11,13,2,1,0,1
"631",631,105,79,52,10,14.5,10,0,0,0
"632",632,120,80,50,10,7,7,1,0,1
"633",633,85,60,44,6,7,7,1,0,1
"634",634,115,74,45,10,12.7,15,1,0,1
"635",635,80,60,44,6,13.5,5,1,0,1
"636",636,88,55,38,6,6.5,10,1,1,0
"637",637,150,78,45,10,14.5,10,0,0,1
"638",638,87,63,45,6,10,10,1,0,0
"639",639,112,65,40,8,17,5,1,0,0
"640",640,121,79,45,13,12,7,1,0,1
"641",641,75,44,28,6,13.5,7,1,0,1
"642",642,93,70,50,9,12.5,10,1,0,0
"643",643,105,83,48,9,13,15,1,0,1
"644",644,105,60,41,8,4.5,10,1,1,0
"645",645,142,84,53,10,15.5,15,1,0,1
"646",646,113,85,53,12,12.7,10,0,0,0
"647",647,132,88,55,14,17,5,1,0,1
"648",648,99,75,45,10,14.5,15,0,0,1
"649",649,110,74,45,12,12.7,1,1,0,0
"650",650,142,78,46,9,10.5,10,1,1,1
"651",651,165,77,44,10,8,10,1,0,1
"652",652,95,51,34,6,12,5,0,0,1
"653",653,125,62,42,10,12,10,1,0,1
"654",654,169,85,45,10,13.5,10,1,0,1
"655",655,130,70,45,9,10.5,15,1,0,1
"656",656,77,56,38,6,13.5,10,0,1,0
"657",657,164,90,52,13,10,3,1,1,1
"658",658,164,90,52,13,10,3,1,1,1
"659",659,75,54,36,6,10,7,1,0,1
"660",660,135,78,44,11,12.7,10,1,0,1
"661",661,89,51,34,6,13.5,10,0,0,1
"662",662,99,67,37,7,10.5,10,0,1,1
"663",663,135,75,46,10,11,10,1,0,1
"664",664,145,75,46,10,9,15,1,0,1
"665",665,93,57,40,6,3.5,7,1,1,1
"666",666,160,77,48,8,12,7,1,1,0
"667",667,140,78,48,11,12.7,8,1,0,1
"668",668,83,49,34,6,15.5,5,1,0,1
"669",669,76,55,36,6,12.5,15,0,1,0
"670",670,105,73,49,8,11.5,5,1,0,0
"671",671,86,56,42,5,6.5,5,1,1,0
"672",672,86,56,42,5,6.5,5,1,1,0
"673",673,150,77,42,8,6,15,1,0,1
"674",674,75,59,43,5,13.5,10,0,0,0
"675",675,150,76,45,10,13.5,10,1,0,1
"676",676,135,80,48,8,13,7,1,0,0
"677",677,160,86,56,9,6,2,1,0,1
"678",678,112,77,45,10,10,7,0,0,1
"679",679,110,75,45,10,12,5,0,1,1
"680",680,129,60,41,6,3,7,1,0,0
"681",681,170,75,48,7,7.5,3,1,1,1
"682",682,92,60,45,6,9,7,0,1,1
"683",683,110,78,48,14,12,10,1,0,1
"684",684,75,55,39,6,10,10,1,0,0
"685",685,205,87,58,9,7.5,5,1,1,1
"686",686,85,59,40,6,10,5,0,0,1
"687",687,160,79,51,12,3,8,1,1,1
"688",688,110,66,43,7,13.5,15,0,0,1
"689",689,112,73,51,8,10.5,7,0,1,1
"690",690,137,76,50,15,11,7,1,1,1
"691",691,82,54,35,6,9,10,1,1,0
"692",692,130,57,42,6,4.5,5,1,1,1
"693",693,130,80,46,10,10.5,15,1,0,1
"694",694,128,70,42,6,14.5,3,1,1,1
"695",695,121,80,45,13,14.5,5,0,0,1
"696",696,143,82,45,10,12,10,1,0,1
"697",697,85,58,39,7,7,5,1,0,1
"698",698,77,59,38,6,12,10,0,1,0
"699",699,129,86,55,10,10.5,10,0,0,0
"700",700,140,79,53,8,7,2,1,0,0
"701",701,94,72,46,10,14.5,9,0,0,1
"702",702,125,77,46,10,10.5,15,1,0,1
"703",703,115,67,42,9,3.5,7,1,1,1
"704",704,95,72,43,12,12.7,10,0,0,0
"705",705,130,77,53,9,7,8,1,1,1
"706",706,120,77,44,10,13.5,5,0,1,1
"707",707,96,60,45,6,12,10,1,0,1
"708",708,80,58,38,6,7,10,1,0,1
"709",709,88,56,36,6,17,10,0,0,1
"710",710,190,112,55,16,7,10,1,0,1
"711",711,100,75,45,10,13,5,0,0,1
"712",712,100,75,45,10,13,5,0,0,1
"713",713,108,75,50,10,12,3,1,0,1
"714",714,142,70,45,9,3.5,3,1,0,1
"715",715,102,64,47,6,17,10,1,0,1
"716",716,128,70,50,8,5,5,1,1,0
"717",717,170,79,52,9,9,7,1,0,1
"718",718,137,74,44,10,15.5,8,0,0,1
"719",719,79,58,41,6,12.5,5,0,0,0
"720",720,87,56,37,6,7,7,0,0,1
"721",721,105,53,36,5,7.5,10,1,1,0
"722",722,105,53,36,5,7.5,10,1,1,0
"723",723,97,76,44,10,12,10,1,0,0
"724",724,106,83,44,10,12,10,0,0,1
"725",725,75,55,36,6,13.5,15,0,1,0
"726",726,200,87,60,15,11.5,3,1,1,1
"727",727,117,79,45,13,14.5,7,0,0,1
"728",728,80,61,44,7,12,5,0,0,1
"729",729,115,68,43,9,6.5,5,1,0,1
"730",730,149,95,57,8,10.5,15,0,1,1
"731",731,85,55,35,6,10.5,5,0,1,0
"732",732,130,73,47,9,11,10,1,1,1
"733",733,80,56,37,6,12,10,1,1,0
"734",734,125,80,45,13,12,5,0,1,1
"735",735,100,78,45,10,13,7,1,0,1
"736",736,100,76,45,10,12,15,0,0,1
"737",737,90,56,41,5,6,15,1,1,1
"738",738,110,65,45,11,7,7,1,0,1
"739",739,105,77,54,8,10.5,12,1,0,0
"740",740,180,72,45,10,3,3,1,1,1
"741",741,140,78,46,9,10.5,10,1,1,1
"742",742,113,77,50,8,12.5,15,0,1,0
"743",743,145,85,54,11,8,10,0,1,1
"744",744,125,78,44,13,12,5,1,0,1
"745",745,167,78,54,8,9,10,1,1,1
"746",746,88,55,36,6,9,5,1,1,0
"747",747,181,86,51,11,10.5,10,0,0,0
"748",748,80,59,43,6,13.5,5,0,0,1
"749",749,105,65,40,7,17,10,1,0,0
"750",750,112,66,41,8,17,5,1,0,0
"751",751,135,65,38,8,7.5,10,1,1,1
"752",752,115,74,54,9,11,12,1,1,0
"753",753,138,77,45,11,10.5,10,1,0,1
"754",754,115,80,54,12,12.7,5,0,0,1
"755",755,106,76,43,12,13,5,0,0,0
"756",756,85,55,38,6,10.5,5,0,1,0
"757",757,110,70,40,6,12,2,1,1,0
"758",758,130,72,44,9,6,5,1,1,1
"759",759,127,77,40,11,13,10,0,0,1
"760",760,115,74,48,11,13,15,1,0,1
"761",761,125,74,45,10,14.5,15,0,0,1
"762",762,135,85,53,9,10.5,7,0,1,0
"763",763,73,61,41,6,13,10,0,0,0
"764",764,115,84,53,12,12.7,15,1,0,1
"765",765,145,74,43,10,12.5,10,1,0,1
"766",766,110,71,43,10,14.5,20,0,0,1
"767",767,135,74,48,10,7.5,3,1,1,0
"768",768,115,57,42,6,10.5,4,0,1,1
"769",769,190,81,51,14,9,3,1,1,1
"770",770,155,75,46,10,12,5,1,0,1
"771",771,87,54,34,6,17,1,1,0,1
"772",772,95,60,43,6,17,10,1,0,1
"773",773,125,75,53,8,11,3,1,1,1
"774",774,185,95,57,12,5,5,1,0,0
"775",775,96,60,38,6,12,5,0,0,1
"776",776,84,59,46,6,10,15,1,0,1
"777",777,125,80,47,10,12,15,0,0,1
"778",778,118,78,52,9,11,5,1,1,1
"779",779,77,60,43,6,12,6,0,0,1
"780",780,130,64,35,6,9,1,1,1,1
"781",781,144,66,45,8,9,7,1,1,1
"782",782,82,56,39,6,10,5,1,0,1
"783",783,110,60,41,6,12,10,1,0,1
"784",784,160,69,47,8,3,10,1,1,1
"785",785,108,73,51,8,12.5,15,0,1,1
"786",786,95,73,43,11,12.7,10,1,0,0
"787",787,80,52,34,6,17,10,1,0,0
"788",788,155,81,44,10,13.5,10,0,0,1
"789",789,147,75,45,10,7,15,1,0,1
"790",790,138,68,46,8,9,10,1,0,1
"791",791,80,51,34,6,13.5,15,0,0,1
"792",792,82,62,44,6,12.5,10,0,0,0
"793",793,115,76,45,11,12,5,1,0,1
"794",794,150,80,48,13,14.5,10,0,0,1
"795",795,126,79,44,13,10.5,10,0,0,1
"796",796,160,80,55,8,8,15,1,1,1
"797",797,97,58,42,5,12.5,15,1,1,1
"798",798,128,84,53,10,12,5,1,0,1
"799",799,83,50,34,6,15.5,5,0,0,1
"800",800,144,76,43,10,13.5,10,0,0,1
"801",801,86,56,34,7,7.5,10,0,0,0
"802",802,110,77,46,9,15.5,3,1,0,1
"803",803,80,52,36,6,10.5,15,1,1,0
"804",804,170,106,64,13,12,15,1,0,1
"805",805,145,76,48,9,13.5,10,0,0,1
"806",806,79,56,37,6,11.5,5,1,0,1
"807",807,95,64,39,8,12,15,1,0,1
"808",808,127,73,43,11,13,5,1,1,1
"809",809,176,104,55,11,9,5,1,0,1
"810",810,114,80,45,13,12,7,1,0,0
"811",811,115,64,38,8,14.5,7,1,0,1
"812",812,82,60,42,7,13.5,5,0,0,1
"813",813,117,82,44,10,13,2,1,0,1
"814",814,105,76,40,11,12.7,5,0,0,1
"815",815,162,90,61,10,10.5,3,1,1,1
"816",816,135,68,46,8,12.5,7,0,0,1
"817",817,170,80,46,10,10,5,1,0,0
"818",818,80,60,44,6,13.5,7,0,0,1
"819",819,102,60,40,8,8,5,0,1,1
"820",820,113,85,46,10,12,15,0,0,1
"821",821,120,83,56,10,12,15,1,1,1
"822",822,92,66,44,9,11.5,7,1,0,0
"823",823,95,54,36,5,3.5,15,1,1,1
"824",824,125,78,53,8,8,10,1,0,0
"825",825,185,75,47,9,3,3,1,1,0
"826",826,105,65,39,8,17,10,1,0,0
"827",827,165,78,54,8,9,10,1,1,1
"828",828,149,94,57,8,10.5,15,0,1,1
"829",829,98,74,44,10,12,15,1,0,0
"830",830,189,86,55,10,9,10,1,1,1
"831",831,96,68,45,10,12.5,15,0,0,1
"832",832,108,76,45,10,12,10,0,1,0
"833",833,103,76,45,10,13,5,0,0,1
"834",834,105,63,44,7,17,3,1,0,1
"835",835,94,64,45,6,17,15,1,0,1
"836",836,195,86,60,10,9,5,0,1,1
"837",837,135,100,50,10,15.5,10,1,0,1
"838",838,147,80,45,13,4.5,15,1,0,1
"839",839,99,76,45,10,12,10,1,0,1
"840",840,130,80,38,11,12.7,10,1,0,1
"841",841,136,78,48,9,12.5,15,1,0,1
"842",842,115,73,52,9,10.5,15,1,1,1
"843",843,135,72,45,10,14.5,2,1,0,1
"844",844,85,55,40,6,11,5,0,1,1
"845",845,122,79,45,13,12,10,1,0,1
"846",846,130,76,46,11,13,5,0,0,1
"847",847,116,75,44,13,12,10,1,0,1
"848",848,260,110,71,18,4.5,7,1,1,1
"849",849,92,65,45,7,12.5,5,1,0,1
"850",850,78,56,39,6,12,5,1,1,0
"851",851,78,51,34,6,13,5,0,0,1
"852",852,120,80,45,9,12.7,15,1,0,1
"853",853,78,59,42,6,12.5,10,0,0,0
"854",854,125,74,46,8.5,12,5,1,0,1
"855",855,105,65,40,8,17,10,1,0,1
"856",856,105,66,44,7,3.5,10,1,0,1
"857",857,123,74,44,12,9,7,0,0,1
"858",858,92,68,44,10,10.5,10,0,0,1
"859",859,189,80,52,10,7,1,1,1,1
"860",860,114,75,45,10,12.7,15,0,0,1
"861",861,145,90,52,9,12,15,1,1,0
"862",862,209,99,63,9,9,10,1,1,1
"863",863,104,72,48,9,10.5,10,1,0,0
"864",864,98,54,36,5,3.5,12,1,1,1
"865",865,123,85,51,10,12.7,3,1,0,1
"866",866,180,90,58,8,10.5,2,1,0,1
"867",867,80,58,38,7,13.5,5,0,0,1
"868",868,96,60,45,6,12,5,0,0,1
"869",869,96,60,45,6,12,5,0,0,1
"870",870,96,60,45,6,12,5,0,0,1
"871",871,73,51,34,6,7,7,1,0,1
"872",872,98,58,43,6,14.5,10,0,0,1
"873",873,128,80,45,13,12,15,1,0,1
"874",874,90,65,46,7,14.5,5,1,0,1
"875",875,115,61,42,5,3.5,10,1,1,0
"876",876,108,65,40,8,17,5,1,0,1
"877",877,108,65,40,8,17,5,1,0,1
"878",878,120,57,43,6,8,5,1,1,0
"879",879,138,65,47,9,5,10,1,0,1
"880",880,165,74,41,9,6.5,5,1,1,1
"881",881,165,74,41,9,6.5,5,1,1,1
"882",882,160,75,47,10,9,10,1,1,0
"883",883,120,67,45,7,13.5,10,1,0,1
"884",884,104,67,43,11,12,15,1,0,1
"885",885,135,73,53,8,11,15,1,1,1
"886",886,137,78,51,9,6,15,1,1,1
"887",887,144,80,48,13,15.5,10,1,0,1
"888",888,144,80,48,13,15.5,10,1,0,1
"889",889,112,66,44,7,8,20,1,0,1
"890",890,108,80,52,10,12,10,0,0,1
"891",891,109,75,45,10,13.5,5,1,0,0
"892",892,140,67,46,8,8,5,1,0,0
"893",893,84,59,45,5,10,15,1,0,1
"894",894,110,83,47,10,17,10,1,0,1
"895",895,110,83,47,10,17,10,1,0,1
"896",896,136,74,45,10,10,15,1,0,0
"897",897,83,55,38,7,11,10,1,1,0
"898",898,155,74,43,10,9,5,0,0,1
"899",899,85,67,46,6,12,15,1,0,1
"900",900,135,74,51,9,10.5,7,1,1,1
"901",901,129,72,44,10,6,5,1,0,0
"902",902,115,85,52,10,12,10,1,0,1
"903",903,135,76,50,8,10.5,15,1,0,1
"904",904,125,68,48,7,3,15,1,1,1
"905",905,90,67,40,8,12,5,1,0,1
"906",906,99,62,39,8,17,10,1,0,1
"907",907,82,62,44,6,13.5,10,0,0,1
"908",908,100,76,45,10,12.7,15,1,0,1
"909",909,85,55,41,5,11,5,0,1,1
"910",910,100,77,45,8,12,15,0,0,0
"911",911,125,75,52,9,10.5,5,0,1,1
"912",912,115,80,48,12,12.7,5,0,0,1
"913",913,138,66,44,14,4.5,2,1,0,1
"914",914,160,98,52,12,10,7,1,0,1
"915",915,103,64,45,6,17,5,1,0,1
"916",916,160,93,59,6,12.5,15,1,1,1
"917",917,118,86,54,10,12,15,1,0,1
"918",918,90,58,43,6,17,10,1,0,1
"919",919,83,60,42,6,12,7,0,0,1
"920",920,145,75,45,10,7,15,1,0,1
"921",921,145,75,45,10,7,15,1,0,1
"922",922,115,77,45,7,9,15,1,0,0
"923",923,85,53,34,6,10.5,3,1,0,1
"924",924,105,75,45,10,12,5,0,0,1
"925",925,95,67,45,10,12,10,0,0,1
"926",926,115,65,45,6,13.5,7,1,0,1
"927",927,85,59,42,6,10.5,7,0,0,0
"928",928,102,76,46,10,12,15,0,0,0
"929",929,100,75,45,9,14.5,10,0,0,1
"930",930,83,64,42,9,17,10,0,0,0
"931",931,100,77,41,10,12.7,10,1,0,1
"932",932,145,80,46,10,3.5,2,1,0,0
"933",933,114,68,44,8,10.5,10,1,0,1
"934",934,79,49,33,6,14.5,10,1,0,0
"935",935,79,51,34,6,12,7,0,0,1
"936",936,80,58,43,6,11.5,10,1,0,1
"937",937,108,66,43,7,17,5,1,0,1
"938",938,108,66,43,7,17,5,1,0,1
"939",939,105,77,45,10,14.5,10,0,0,1
"940",940,94,55,41,5,13.5,10,1,1,1
"941",941,90,61,43,6,12.5,3,1,0,1
"942",942,162,90,53,13,10,7,1,1,1
"943",943,89,64,39,8,14.5,5,0,0,0
"944",944,85,60,43,6,12,5,1,1,1
"945",945,115,68,44,9,12,7,1,0,1
"946",946,150,74,48,12,12,5,1,0,1
"947",947,133,83,46,12,13.5,10,1,1,1
"948",948,86,50,34,6,12,10,0,0,0
"949",949,108,66,44,7,17,5,1,0,1
"950",950,112,68,41,10,12,10,1,0,1
"951",951,105,57,40,6,4.5,5,1,1,1
"952",952,160,85,56,12,6.5,10,1,1,1
"953",953,105,82,48,8,13,10,0,0,1
"954",954,170,80,53,9,8,3,1,0,1
"955",955,139,68,46,8,9,5,1,0,1
"956",956,169,80,50,8,10,5,1,1,1
"957",957,185,91,50,12,10.5,10,1,0,1
"958",958,177,103,54,11,9,5,1,0,1
"959",959,124,79,44,13,12,10,1,0,1
"960",960,95,55,35,8,7.5,7,1,1,1
"961",961,80,60,44,6,13.5,10,0,0,1
"962",962,80,60,44,6,13.5,10,0,0,1
"963",963,119,71,52,8,8,10,0,1,0
"964",964,112,68,44,9,7.5,7,1,0,1
"965",965,125,78,38,11,12.7,10,1,0,1
"966",966,87,64,46,7,12,5,1,0,1
"967",967,120,80,52,14,12,7,1,0,1
"968",968,130,72,44,10,6,5,1,0,0
"969",969,115,77,44,7,12,10,1,1,1
"970",970,135,74,42,10,7.5,5,1,1,1
"971",971,107,66,42,9,8,7,0,0,1
"972",972,81,56,37,6,11.5,5,1,0,1
"973",973,110,60,45,6,12,5,1,0,1
"974",974,135,81,53,8,11.5,4,1,1,1
"975",975,115,63,40,8,12.5,10,0,0,1
"976",976,130,78,54,8,7.5,10,0,0,1
"977",977,156,90,51,13,10,5,1,0,1
"978",978,123,75,45,10,12.7,10,1,0,1
"979",979,123,75,45,10,12.7,10,1,0,1
"980",980,85,58,39,6,10,7,0,0,1
"981",981,105,55,40,6,9,7,0,0,1
"982",982,84,59,38,6,7,10,1,0,1
"983",983,140,65,44,8,4.5,5,1,0,1
"984",984,93,70,40,10,12,10,1,0,0
"985",985,140,76,44,11,13.5,10,0,0,1
"986",986,91,60,45,6,10.5,5,0,0,1
"987",987,138,70,45,8,10.5,10,1,1,1
"988",988,128,78,54,9,6.5,5,1,0,1
"989",989,135,80,47,9,12,7,0,0,1
"990",990,103,64,45,7,13.5,15,1,0,1
"991",991,112,60,39,6,3.5,3,1,0,1
"992",992,95,65,39,8,12,15,1,0,1
"993",993,82,59,38,6,13.5,5,1,0,1
"994",994,125,78,52,7,11,7,1,1,1
"995",995,92,60,40,6,12,10,0,0,1
"996",996,79,54,36,6,12.5,10,0,1,1
"997",997,110,60,37,9,12.5,7,1,0,1
"998",998,150,69,46,8,7.5,7,1,1,1
"999",999,83,51,34,6,15.5,3,1,0,1
"1000",1000,150,76,45,10,12,5,1,0,1
"1001",1001,130,78,58,10,14.5,15,0,0,1
"1002",1002,180,81,53,9,8,7,1,1,0
"1003",1003,135,76,45,10,6,7,0,0,1
"1004",1004,108,66,43,7,17,2,1,0,1
"1005",1005,78,56,38,6,13.5,5,0,0,0
"1006",1006,155,75,43,8,7,5,0,0,1
"1007",1007,118,68,49,11,7.5,7,1,0,0
"1008",1008,118,68,49,11,7.5,7,1,0,0
"1009",1009,130,75,48,13,12.7,5,0,0,1
"1010",1010,90,66,43,6,15.5,5,1,0,0
"1011",1011,120,65,38,7,11,10,1,1,1
"1012",1012,127,82,50,10,10.5,7,0,0,0
"1013",1013,125,60,41,6,3,7,1,0,1
"1014",1014,145,81,46,10,15.5,5,1,0,1
"1015",1015,93,64,45,7,14.5,3,1,0,1
"1016",1016,93,64,45,7,14.5,3,1,0,1
"1017",1017,116,76,45,10,7,10,1,0,1
"1018",1018,100,60,39,9,15.5,10,1,0,1
"1019",1019,122,64,46,8,12.5,7,0,0,1
"1020",1020,150,85,57,10,9,7,1,1,0
"1021",1021,105,65,39,8,12,5,0,0,1
"1022",1022,134,83,44,10,13,10,1,0,0
"1023",1023,118,75,44,9,7,5,0,0,1
"1024",1024,100,64,38,8,14.5,15,0,0,1
"1025",1025,83,53,34,6,12.5,15,1,0,1
"1026",1026,80,56,38,6,7,10,1,0,1
"1027",1027,165,78,46,10,5,10,1,0,1
"1028",1028,163,73,48,9,7.5,5,0,1,1
"1029",1029,108,75,54,9,17,5,1,0,0
"1030",1030,126,80,46,13,14.5,5,0,0,1
"1031",1031,87,61,43,6,12,15,1,0,1
"1032",1032,87,61,43,6,12,15,1,0,1
"1033",1033,165,84,57,9,10.5,7,1,0,0
"1034",1034,113,78,44,10,12,10,1,1,0
"1035",1035,99,65,44,7,10.5,5,1,0,1
"1036",1036,115,64,45,7,13.5,7,1,0,1
"1037",1037,99,74,44,10,12,10,0,0,0
"1038",1038,110,63,45,7,13.5,10,1,0,1
"1039",1039,140,70,45,10,9,10,1,0,1
"1040",1040,134,84,52,8,12,7,1,1,1
"1041",1041,159,75,48,9,8,10,1,1,1
"1042",1042,120,74,44,10,12.7,10,1,0,1
"1043",1043,137,70,45,8,10.5,10,1,1,1
"1044",1044,125,77,46,10,13.5,5,0,1,1
"1045",1045,145,73,43,11,9,10,0,0,1
"1046",1046,115,64,45,7,13.5,5,1,0,1
"1047",1047,154,72,42,11,6.5,5,1,0,1
"1048",1048,81,60,44,6,13.5,10,0,0,1
"1049",1049,110,79,46,10,13,5,1,0,1
"1050",1050,95,72,44,10,12.7,10,1,0,0
"1051",1051,128,65,44,7,9,5,0,0,1
"1052",1052,178,74,46,9,3,3,1,1,0
"1053",1053,71,49,34,6,10,10,1,0,1
"1054",1054,170,100,57,10,13.5,15,0,0,0
"1055",1055,145,85,58,8,12,4,1,1,1
"1056",1056,78,52,35,6,12,10,1,0,1
"1057",1057,130,83,46,10,10.5,1,1,0,1
"1058",1058,137,69,44,10,9,10,1,0,1
"1059",1059,82,60,42,6,12.5,10,1,0,0
"1060",1060,110,63,43,9,15.5,3,1,0,0
"1061",1061,106,76,46,10,13,5,0,0,1
"1062",1062,83,52,34,6,14.5,10,0,0,0
"1063",1063,160,77,42,8,6,5,0,0,1
"1064",1064,135,78,44,10,15.5,10,1,1,1
"1065",1065,88,61,42,6,12.5,5,1,0,1
"1066",1066,96,65,45,7,12.5,15,1,1,1
"1067",1067,84,63,44,7,14.5,10,0,0,1
"1068",1068,140,85,52,11,9,10,0,0,1
"1069",1069,176,86,54,8,9,10,1,1,1
"1070",1070,136,76,44,10,14.5,9,0,0,1
"1071",1071,173,80,50,8,6,10,1,1,1
"1072",1072,130,79,46,10,13,10,0,1,1
"1073",1073,87,55,38,5,6.5,5,1,1,1
"1074",1074,95,60,43,6,9,5,0,0,1
"1075",1075,95,60,43,6,9,5,0,0,1
"1076",1076,85,64,45,6,13,5,0,0,1
"1077",1077,95,65,47,8,13.5,5,1,0,1
"1078",1078,130,77,45,10,12,7,1,0,1
"1079",1079,72,54,35,6,13.5,10,1,0,1
"1080",1080,92,64,39,8,12,7,0,0,1
"1081",1081,149,77,45,9,12,5,1,0,1
"1082",1082,85,65,46,7,13,7,0,0,1
"1083",1083,95,67,41,9,13.5,7,0,0,1
"1084",1084,120,63,43,9,12,1,1,0,0
"1085",1085,115,72,50,8,10.5,10,0,1,1
"1086",1086,92,59,41,6,7.5,12,1,0,1
"1087",1087,140,83,47,9,10.5,5,0,1,1
"1088",1088,110,65,44,8,10.5,10,1,1,1
"1089",1089,82,60,44,6,14.5,7,0,0,1
"1090",1090,115,80,48,11,12.7,5,0,0,1
"1091",1091,82,56,42,6,10,10,1,0,0
"1092",1092,90,61,44,6,12,5,1,0,0
"1093",1093,127,65,43,7,9,5,0,0,1
"1094",1094,140,81,55,8,9,7,0,1,0
"1095",1095,117,81,46,10,12.5,10,1,0,1
"1096",1096,87,63,42,7,13.5,7,1,0,1
"1097",1097,82,60,45,6,13.5,10,0,0,1
"1098",1098,140,86,51,10,12.7,10,1,0,1
"1099",1099,84,60,43,6,14.5,5,0,0,1
"1100",1100,93,57,43,5,12.5,15,1,1,1
"1101",1101,111,81,45,9,14.5,10,0,0,0
"1102",1102,84,60,45,6,13.5,7,0,0,1
"1103",1103,84,60,45,6,13.5,7,0,0,1
"1104",1104,160,98,50,12,10,10,1,0,1
"1105",1105,85,64,45,7,15.5,10,1,0,0
"1106",1106,127,76,54,6,9,5,0,0,0
"1107",1107,105,56,43,6,3,10,1,1,1
"1108",1108,133,83,45,10,13,10,1,0,0
"1109",1109,112,63,45,7,13.5,7,0,0,1
"1110",1110,82,55,36,6,10,7,1,0,0
"1111",1111,105,75,45,10,14.5,10,0,0,1
"1112",1112,160,72,50,9,7.5,5,0,1,1
"1113",1113,118,72,43,10,12.7,2,1,0,0
"1114",1114,110,77,45,10,12,5,0,0,1
"1115",1115,93,59,39,6,15.5,10,1,0,1
"1116",1116,115,62,38,8,11.5,5,1,0,1
"1117",1117,94,64,45,7,14.5,3,1,0,1
"1118",1118,180,85,55,10,10.5,5,1,1,1
"1119",1119,112,76,54,8,10.5,15,1,1,0
"1120",1120,93,64,41,7,14.5,3,1,0,1
"1121",1121,93,65,39,8,12.5,7,0,0,1
"1122",1122,125,77,40,11,13,10,0,1,1
"1123",1123,85,60,40,6,13.5,5,0,0,1
"1124",1124,160,80,56,9,12,5,1,1,1
"1125",1125,99,65,40,8,17,12,1,0,0
"1126",1126,107,56,32,5,7.5,7,1,1,0
"1127",1127,115,76,45,10,12,15,0,0,1
"1128",1128,82,61,40,6,13.5,10,0,0,1
"1129",1129,140,84,48,9,12,10,0,1,1
"1130",1130,159,81,56,8,7.5,15,1,1,0
"1131",1131,140,80,51,7,7.5,7,1,1,1
"1132",1132,95,62,38,8,12.5,3,1,0,0
"1133",1133,89,51,34,6,3.5,10,1,0,0
"1134",1134,92,57,40,6,12.5,2,1,1,1
"1135",1135,95,56,42,7,3.5,10,1,1,0
"1136",1136,131,80,46,13,12,7,1,0,0
"1137",1137,85,59,40,5,12.5,5,0,0,1
"1138",1138,130,83,50,9,6.5,10,1,0,1
"1139",1139,95,66,44,10,14.5,7,0,0,1
"1140",1140,220,107,71,9,9,10,1,1,1
"1141",1141,95,60,46,5,10.5,5,1,0,1
"1142",1142,115,58,41,5,7.5,7,1,1,0
"1143",1143,84,60,44,6,13.5,7,0,0,1
"1144",1144,160,93,57,12,12.7,5,1,0,1
"1145",1145,85,58,44,6,10.5,10,1,0,0
"1146",1146,125,82,52,12,13.5,10,0,0,0
"1147",1147,147,76,46,10,12,3,1,0,1
"1148",1148,79,54,35,5,12.5,10,0,1,1
"1149",1149,118,84,48,9,12.7,5,0,0,1
"1150",1150,123,77,46,10,13,10,1,0,1
"1151",1151,89,60,43,6,15.5,5,1,1,1
"1152",1152,80,56,44,6,11,8,1,1,0
"1153",1153,128,74,43,10,13.5,12,1,0,1
"1154",1154,90,57,43,6,12,5,1,1,1
"1155",1155,87,64,45,9,15.5,12,1,0,0
"1156",1156,130,74,50,8,10.5,5,0,1,1
"1157",1157,130,77,48,10,17,5,1,0,1
"1158",1158,103,64,40,8,17,5,1,0,1
"1159",1159,118,79,45,13,15.5,10,1,0,1
"1160",1160,89,60,44,6,14.5,7,1,1,1
"1161",1161,105,75,45,10,17,7,0,0,1
"1162",1162,88,60,43,6,12.5,5,1,0,1
"1163",1163,131,78,46,10,17,5,1,0,1
"1164",1164,235,101,59,15,8,7,1,1,1
"1165",1165,98,60,45,5,7.5,7,1,0,0
"1166",1166,90,66,43,9,15.5,10,1,0,0
"1167",1167,89,64,45,6,12.5,15,1,0,1
"1168",1168,169,84,62,10,6.5,1,1,0,1
"1169",1169,131,74,42,10,13.5,10,1,0,1
"1170",1170,92,59,38,6,15.5,10,1,0,1
"1171",1171,84,62,44,7,14.5,10,0,0,1
"1172",1172,86,58,38,8,11.5,7,1,0,1
"1173",1173,86,61,42,6,12,7,0,1,1
"1174",1174,115,80,45,10,13.5,10,0,0,1
"1175",1175,120,69,45,9,7.5,5,1,0,0
"1176",1176,108,66,44,9,12,5,1,0,1
"1177",1177,119,80,51,8,11.5,15,1,0,1
"1178",1178,90,55,35,6,14.5,5,0,0,1
"1179",1179,170,84,55,11,3,15,1,1,0
"1180",1180,145,94,50,12,17,10,1,1,1
"1181",1181,142,70,47,8,7.5,5,1,0,1
"1182",1182,116,85,45,10,12,15,0,0,1
"1183",1183,137,77,54,8,3.5,10,1,1,1
"1184",1184,125,77,45,10,12,10,1,0,1
"1185",1185,93,59,44,5,14.5,10,1,0,1
"1186",1186,130,65,44,9,9,5,1,0,1
"1187",1187,220,98,60,9,4.5,10,1,1,1
"1188",1188,80,52,35,6,14.5,12,0,0,1
"1189",1189,95,58,42,6,7.5,15,1,1,1
"1190",1190,120,75,43,10,17,10,1,0,1
"1191",1191,128,68,50,9,12.5,5,0,0,1
"1192",1192,115,79,45,13,13,7,0,0,1
"1193",1193,140,74,45,10,12.5,2,1,0,1
"1194",1194,97,53,34,6,9,5,1,0,1
"1195",1195,99,63,38,8,10.5,5,1,0,0
"1196",1196,110,75,50,10,13.5,10,0,0,1
"1197",1197,177,80,50,9,4.5,2,1,0,0
"1198",1198,108,56,41,6,3.5,5,1,1,0
"1199",1199,79,52,37,6,12,7,0,0,0
"1200",1200,240,106,60,17,4.5,10,1,1,1
"1201",1201,105,75,45,10,12,7,1,0,1
"1202",1202,144,80,51,10,13.5,10,1,0,1
"1203",1203,160,80,51,13,7.5,5,1,1,1
"1204",1204,145,71,43,8,9,5,1,1,0
"1205",1205,113,69,47,8,17,3,1,0,1
"1206",1206,95,68,45,9,14.5,10,0,0,1
"1207",1207,93,58,42,6,12,5,0,1,0
"1208",1208,95,67,45,9,13.5,10,0,0,0
"1209",1209,108,80,48,8,12,10,0,0,1
"1210",1210,108,80,48,8,12,10,0,0,1
"1211",1211,85,56,42,6,12,10,1,1,1
"1212",1212,120,76,45,10,13,10,1,0,1
"1213",1213,97,72,43,10,12.7,10,0,0,1
"1214",1214,154,75,36,12,7,5,1,0,1
"1215",1215,169,77,52,8,7,3,1,1,1
"1216",1216,89,58,42,6,9,10,0,0,0
"1217",1217,89,64,45,7,12,5,1,0,1
"1218",1218,155,85,53,7,4.5,10,1,0,0
"1219",1219,95,65,47,9,13.5,7,1,0,1
"1220",1220,97,55,35,6,9,10,1,0,1
"1221",1221,100,57,43,5,11.5,10,1,1,1
"1222",1222,165,78,46,18,5,10,1,0,1
"1223",1223,136,74,45,10,13.5,5,0,0,1
"1224",1224,165,89,57,9,7,5,0,0,1
"1225",1225,95,62,45,7,12.5,10,1,1,1
"1226",1226,113,54,34,11,3,10,1,0,1
"1227",1227,110,76,45,10,12,5,1,0,1
"1228",1228,148,84,52,8,6.5,3,1,1,1
"1229",1229,200,101,68,10,11,10,1,1,1
"1230",1230,162,75,52,12,3.5,5,1,1,1
"1231",1231,105,64,38,8,14.5,10,0,0,1
"1232",1232,85,61,45,6,13.5,10,1,0,1
"1233",1233,132,69,44,8,8,10,1,0,1
"1234",1234,143,75,54,10,6.5,7,1,1,1
"1235",1235,105,78,45,10,13,10,0,0,1
"1236",1236,84,58,43,5,12,15,1,1,0
"1237",1237,84,58,43,5,12,15,1,1,0
"1238",1238,114,76,45,10,12,15,0,0,1
"1239",1239,150,71,44,9,8,5,1,1,1
"1240",1240,94,63,38,8,17,12,1,0,0
"1241",1241,105,64,40,7,7,10,1,0,0
"1242",1242,100,64,41,7,12,5,1,0,1
"1243",1243,93,67,47,6,12,5,0,0,1
"1244",1244,108,58,40,6,10.5,7,1,1,1
"1245",1245,137,80,50,12,10.5,15,1,1,1
"1246",1246,106,58,42,6,12,5,1,1,1
"1247",1247,164,79,51,9,7,5,0,0,1
"1248",1248,100,58,42,5,12,10,0,1,1
"1249",1249,101,66,39,8,17,10,1,0,1
"1250",1250,95,63,38,8,12.5,5,1,0,1
"1251",1251,105,75,42,8,13.5,10,0,0,1
"1252",1252,110,80,46,10,12,15,0,0,1
"1253",1253,115,78,46,10,12.7,3,1,0,1
"1254",1254,104,77,45,10,12.7,15,1,0,0
"1255",1255,105,66,40,8,17,5,1,0,1
"1256",1256,117,85,44,10,12,10,0,0,1
"1257",1257,129,80,46,10,12,10,0,0,1
"1258",1258,105,63,43,7,10.5,15,1,0,1
"1259",1259,215,86,58,12,3,5,1,1,1
"1260",1260,143,77,42,10,6,5,0,0,1
"1261",1261,113,77,46,10,13,15,1,0,1
"1262",1262,150,84,48,10,13.5,10,0,0,0
"1263",1263,87,61,42,9,13.5,10,1,0,1
"1264",1264,90,61,49,6,12,10,1,0,1
"1265",1265,78,57,37,6,13.5,10,1,0,1
"1266",1266,126,64,44,7,8,2,1,0,0
"1267",1267,86,60,42,7,12,10,0,0,1
"1268",1268,101,55,38,6,7,10,1,0,0
"1269",1269,140,68,47,8,9,5,1,1,1
"1270",1270,180,81,50,11,7.5,5,1,1,0
"1271",1271,85,55,40,6,12.5,7,1,1,0
"1272",1272,122,79,48,10,12.7,12,1,0,1
"1273",1273,108,64,43,9,3.5,10,0,0,0
"1274",1274,81,60,46,6,14.5,15,0,0,0
"1275",1275,153,76,46,10,9,5,0,0,1
"1276",1276,130,79,45,10,12,5,1,0,1
"1277",1277,120,64,43,6,11.5,2,1,1,1
"1278",1278,90,55,37,6,7.5,7,0,0,1
"1279",1279,130,81,49,9,13,10,0,1,1
"1280",1280,95,59,43,6,15.5,5,0,0,1
"1281",1281,97,63,44,7,11.5,5,1,0,0
"1282",1282,135,81,48,8,15.5,7,1,0,1
"1283",1283,107,74,44,11,13,5,0,0,0
"1284",1284,119,66,45,8,7,7,0,1,0
"1285",1285,93,61,38,8,13,7,0,0,1
"1286",1286,115,67,41,9,14.5,7,0,0,1
"1287",1287,92,59,41,6,11,10,1,1,1
"1288",1288,155,72,52,7,3,5,0,0,1
"1289",1289,105,57,42,6,3,15,1,1,1
"1290",1290,94,61,44,6,12.5,3,1,0,1
"1291",1291,85,60,43,6,14.5,6,0,0,1
"1292",1292,198,110,59,13,14.5,10,1,0,1
"1293",1293,130,68,41,10,10.5,5,0,0,1
"1294",1294,135,80,45,13,12.5,5,0,0,1
"1295",1295,79,60,44,6,15.5,15,1,0,0
"1296",1296,138,79,47,10,7,10,0,0,1
"1297",1297,138,79,47,10,7,10,1,0,1
"1298",1298,150,70,50,9,7.5,7,1,1,1
"1299",1299,112,63,35,8,11,7,1,0,1
"1300",1300,117,61,44,6,4.5,5,1,1,1
"1301",1301,92,69,47,6,12,10,0,0,0
"1302",1302,138,86,50,10,13.5,10,1,1,1
"1303",1303,140,75,46,9,10.5,10,0,0,1
"1304",1304,93,57,43,6,10.5,15,0,0,1
"1305",1305,107,77,46,10,12,10,1,0,1
"1306",1306,92,63,38,8,12,10,0,0,1
"1307",1307,80,56,38,5,11.5,10,1,0,1
"1308",1308,104,73,44,10,13,5,0,0,1
"1309",1309,133,80,48,10,10.5,10,1,0,0
"1310",1310,92,60,44,6,12,5,0,0,1
"1311",1311,100,65,39,9,17,10,1,0,1
"1312",1312,95,65,46,8,13.5,7,0,0,0
"1313",1313,92,63,39,8,14.5,5,0,0,0
"1314",1314,165,76,52,9,8,2,1,1,1
"1315",1315,145,75,53,9,8,15,1,1,1
"1316",1316,92,63,38,8,14.5,5,0,0,0
"1317",1317,162,78,48,11,6.5,1,1,1,1
"1318",1318,90,59,45,6,12,5,0,0,0
"1319",1319,122,74,50,8,10.5,10,1,1,0
"1320",1320,90,60,45,5,10.5,10,0,0,1
"1321",1321,120,77,48,8,12,15,1,1,1
"1322",1322,115,60,39,6,4.5,10,1,0,1
"1323",1323,98,61,38,8,12,15,1,0,1
"1324",1324,95,60,37,8,12.5,15,1,0,1
"1325",1325,105,77,40,10,12,15,0,0,1
"1326",1326,73,54,37,6,14.5,10,1,0,1
"1327",1327,104,67,44,10,11.5,8,1,0,1
"1328",1328,90,55,36,6,12.5,10,1,0,1
"1329",1329,110,76,45,10,14.5,10,0,0,1
"1330",1330,124,78,55,8,13.5,10,1,1,1
"1331",1331,270,105,74,18,5,1,1,1,1
"1332",1332,120,77,45,10,13,10,1,0,1
"1333",1333,160,80,51,8,3,10,1,1,1
"1334",1334,155,75,44,10,9,5,0,1,1
"1335",1335,140,66,42,8,7,2,1,1,0
"1336",1336,95,65,46,8,12.5,10,1,0,1
"1337",1337,81,56,39,6,11.5,10,1,0,1
"1338",1338,110,81,45,10,13,12,1,0,1
"1339",1339,81,54,36,6,10,10,1,0,1
"1340",1340,108,66,45,10,12,5,1,0,1
"1341",1341,97,68,46,8,12,5,1,0,1
"1342",1342,99,58,39,7,7.5,5,1,0,1
"1343",1343,168,75,46,10,6.5,1,1,1,1
"1344",1344,105,78,44,10,13,15,1,0,1
"1345",1345,150,78,46,10,9,10,0,0,1
"1346",1346,93,64,45,7,13.5,7,0,0,1
"1347",1347,99,65,46,6,17,7,1,0,1
"1348",1348,143,75,45,9,10.5,7,1,0,1
"1349",1349,119,78,53,8,10.5,10,1,1,0
"1350",1350,83,59,44,6,13.5,10,0,0,1
"1351",1351,95,60,43,6,14.5,10,1,0,1
"1352",1352,92,61,44,6,12.5,5,1,0,1
"1353",1353,110,57,40,5,7.5,7,1,1,0
"1354",1354,111,57,40,6,9,3,1,1,1
"1355",1355,129,80,48,10,12.7,7,1,0,1
"1356",1356,99,57,42,6,12,10,1,1,1
"1357",1357,86,58,38,6,11.5,7,1,0,1
"1358",1358,152,73,48,8,3,15,1,1,1
"1359",1359,110,80,43,10,12,15,0,0,1
"1360",1360,156,79,54,8,9,10,1,1,1
"1361",1361,150,76,45,10,7,10,0,0,1
"1362",1362,113,63,42,9,7,5,0,0,1
"1363",1363,103,74,43,10,13,7,0,0,1
"1364",1364,135,84,45,11,12,10,0,0,1
"1365",1365,105,75,46,10,13,7,0,0,0
"1366",1366,120,77,45,10,13.5,5,0,0,1
"1367",1367,72,52,35,6,13.5,10,0,0,1
"1368",1368,135,80,45,10,10.5,5,0,0,1
"1369",1369,91,61,44,7,13.5,5,1,0,1
"1370",1370,96,60,45,6,15.5,5,1,0,1
"1371",1371,140,76,44,10,12.5,5,1,0,1
"1372",1372,140,76,44,10,12.5,5,1,0,1
"1373",1373,119,68,45,8,6,10,1,0,1
"1374",1374,115,80,41,13,12,15,1,0,1
"1375",1375,95,64,40,8,15.5,15,1,0,1
"1376",1376,83,53,34,6,14.5,8,0,0,0
"1377",1377,125,85,46,10,12,5,0,0,1
"1378",1378,85,61,43,6,12,15,1,0,1
"1379",1379,90,58,42,6,10.5,15,1,1,1
"1380",1380,110,74,45,10,12,15,0,0,1
"1381",1381,135,77,47,10,13.5,10,0,0,1
"1382",1382,90,60,40,8,13.5,5,1,0,0
"1383",1383,102,74,43,10,17,12,0,0,1
"1384",1384,84,58,43,6,14.5,5,0,0,1
"1385",1385,87,58,33,5,11.5,5,1,0,1
"1386",1386,130,78,51,8,10.5,10,0,1,1
"1387",1387,158,78,51,8,9,7,1,1,1
"1388",1388,146,80,46,10,7.5,10,1,1,1
"1389",1389,86,59,42,5,11.5,10,1,0,1
"1390",1390,89,60,42,6,12,7,0,0,1
"1391",1391,98,66,44,7,11.5,10,1,0,1
"1392",1392,125,76,45,10,15.5,10,0,0,1
"1393",1393,130,77,47,11,11,7,1,0,1
"1394",1394,120,77,47,12,13.5,10,1,0,1
"1395",1395,103,60,43,6,12.5,5,1,0,1
"1396",1396,85,57,39,6,11.5,7,1,0,0
"1397",1397,110,75,44,10,17,5,0,0,0
"1398",1398,85,50,35,6,11,8,0,0,1
"1399",1399,100,72,42,10,14.5,20,0,0,0
"1400",1400,128,68,44,11,4.5,12,1,0,0
"1401",1401,150,81,55,9,9,5,0,1,0
"1402",1402,99,72,43,10,12.7,10,1,0,1
"1403",1403,103,70,44,10,15.5,7,1,0,1
"1404",1404,170,100,57,14,12,10,1,0,0
"1405",1405,108,69,36,9,12.5,5,0,0,0
"1406",1406,98,56,33,6,8,10,1,0,0
"1407",1407,115,68,46,8,13.5,10,1,0,1
"1408",1408,119,77,45,10,13,10,0,0,1
"1409",1409,165,82,54,10,6,5,1,1,1
"1410",1410,93,60,38,8,12,5,1,0,1
"1411",1411,105,58,43,6,3.5,12,1,1,1
"1412",1412,165,78,52,12,7.5,5,0,0,1
"1413",1413,108,78,46,10,12.7,10,1,0,1
"1414",1414,160,80,54,9,9,10,1,1,1
"1415",1415,105,65,39,11,12,5,0,0,1
"1416",1416,185,99,67,9,9,10,1,1,0
"1417",1417,145,80,49,11,12.5,10,0,0,1
"1418",1418,150,86,53,9,11.5,1,1,0,1
"1419",1419,86,54,36,6,9,15,0,1,0
"1420",1420,195,83,55,10,4.5,3,1,1,0
"1421",1421,72,49,34,6,7,10,0,0,1
"1422",1422,150,76,45,10,9,5,0,0,1
"1423",1423,125,64,43,7,4.5,10,1,0,1
"1424",1424,175,95,48,12,10,2,1,0,0
"1425",1425,115,77,46,10,13.5,10,0,0,1
"1426",1426,99,66,41,8,13.5,15,1,1,1
"1427",1427,100,70,44,8,15.5,7,0,0,0
"1428",1428,120,76,45,10,12,10,0,0,1
"1429",1429,120,64,43,7,9,5,0,0,1
"1430",1430,99,60,44,6,12.5,10,1,0,1
"1431",1431,194,105,58,11,9,5,1,0,1
"1432",1432,95,63,39,8,12,10,1,0,1
"1433",1433,107,64,44,9,15.5,5,1,0,1
"1434",1434,79,60,43,5,12,10,0,0,0
"1435",1435,85,55,42,6,14.5,5,1,1,1
"1436",1436,145,78,44,10,3.5,2,1,0,1
"1437",1437,92,62,39,7,12,10,1,0,1
"1438",1438,95,63,39,8,14.5,15,1,0,1
"1439",1439,135,80,51,13,13.5,5,0,0,1
"1440",1440,148,90,55,8,13.5,7,0,1,0
"1441",1441,150,81,54,9,9,5,0,1,0
"1442",1442,123,74,48,10,12.5,15,1,0,1
"1443",1443,130,75,44,11,13.5,10,0,0,1
"1444",1444,158,78,49,14,9,4,1,1,1
"1445",1445,120,76,51,9,13.5,5,1,0,1
"1446",1446,110,65,45,7,13.5,7,1,0,1
"1447",1447,95,62,43,7,12,7,1,0,1
"1448",1448,109,66,46,8,15.5,5,1,0,1
"1449",1449,85,61,45,6,13.5,15,1,0,1
"1450",1450,85,61,45,6,13.5,15,1,0,1
"1451",1451,99,66,39,8,17,10,1,0,0
"1452",1452,107,75,45,9,13,15,1,0,1
"1453",1453,133,85,50,9,12,10,0,0,1
"1454",1454,115,71,42,10,12,5,1,0,0
"1455",1455,94,59,43,5,14.5,5,0,0,1
"1456",1456,93,55,39,6,8,10,1,1,0
"1457",1457,90,65,45,7,12,7,1,0,1
"1458",1458,110,75,43,10,13.5,15,0,0,1
"1459",1459,118,74,44,10,12.7,4,1,0,1
"1460",1460,190,100,50,16,7,10,1,0,1
"1461",1461,83,58,38,6,12.5,10,1,0,0
"1462",1462,110,77,46,9,13,5,1,0,0
"1463",1463,95,58,39,6,9,5,1,0,0
"1464",1464,83,56,37,6,10,15,1,0,1
"1465",1465,106,63,44,7,12.5,10,1,0,1
"1466",1466,170,102,58,12,13,5,1,0,1
"1467",1467,150,87,55,10,12,3,1,0,1
"1468",1468,128,85,52,10,14.5,10,0,0,0
"1469",1469,110,75,53,10,10.5,15,1,0,0
"1470",1470,105,69,43,6,17,5,1,0,1
"1471",1471,112,79,47,10,17,10,1,0,1
"1472",1472,90,60,45,6,13.5,5,1,0,1
"1473",1473,130,72,45,10,11.5,10,1,0,0
"1474",1474,84,57,42,5,12.7,10,1,1,1
"1475",1475,200,113,64,11,13.5,10,0,0,1
"1476",1476,121,81,46,8,12,2,1,0,1
"1477",1477,115,66,37,7,11,7,1,0,1
"1478",1478,118,67,44,8,6,10,1,0,1
"1479",1479,125,83,48,9,12,3,1,0,1
"1480",1480,125,83,48,9,12,3,1,0,1
"1481",1481,136,64,38,8,3,3,1,0,1
"1482",1482,127,78,46,10,17,5,1,0,1
"1483",1483,149,84,46,10,13.5,7,0,0,1
"1484",1484,88,60,44,6,12,10,0,0,0
"1485",1485,135,72,46,8,10,5,1,0,1
"1486",1486,79,50,34,6,14.5,5,0,0,1
"1487",1487,130,72,42,9,12,5,1,0,1
"1488",1488,92,68,53,6,13,10,0,0,1
"1489",1489,150,80,53,8,9,3,1,1,1
"1490",1490,96,60,43,6,13.5,10,1,0,1
"1491",1491,120,80,48,13,12,10,1,0,1
"1492",1492,89,61,44,6,12.5,10,1,0,1
"1493",1493,77,51,34,6,7,7,1,0,1
"1494",1494,106,58,44,6,7,10,0,0,0
"1495",1495,92,63,39,8,15.5,5,1,0,1
"1496",1496,107,74,45,10,14.5,15,0,0,1
"1497",1497,97,55,35,6,9,7,0,0,1
"1498",1498,98,60,43,7,13.5,10,1,0,1
"1499",1499,96,60,43,6,14.5,7,1,0,1
"1500",1500,128,75,45,10,17,3,1,1,1
"1501",1501,165,78,47,9,5,10,1,1,1
"1502",1502,77,60,44,6,13,15,1,0,0
"1503",1503,101,65,44,8,11.5,7,1,0,1
"1504",1504,110,77,46,10,12.7,7,0,0,1
"1505",1505,106,67,45,9,12,7,0,0,1
"1506",1506,142,90,51,12,12,10,0,1,1
"1507",1507,110,76,45,10,14.5,15,0,0,1
"1508",1508,89,60,44,6,10.5,3,1,0,1
"1509",1509,90,58,43,6,13.5,2,1,0,1
"1510",1510,108,81,48,8,13,15,0,0,1
"1511",1511,99,58,44,6,10.5,10,1,0,1
"1512",1512,85,60,43,7,12,5,0,0,1
"1513",1513,105,67,48,8,13.5,15,1,0,1
"1514",1514,103,64,45,7,15.5,5,1,0,1
"1515",1515,115,66,40,8,12.5,5,1,0,0
"1516",1516,105,64,45,6,13.5,7,1,0,1
"1517",1517,120,77,43,8,10.5,10,0,0,1
"1518",1518,162,86,58,9,12,8,1,1,1
"1519",1519,91,64,45,7,14.5,10,1,0,1
"1520",1520,94,63,39,8,14.5,5,0,0,1
"1521",1521,79,59,43,6,12,10,0,0,0
"1522",1522,125,78,45,10,12,7,0,0,1
"1523",1523,123,77,45,10,17,7,1,0,1
"1524",1524,240,105,55,23,10,5,1,0,1
"1525",1525,86,60,44,6,13.5,10,0,0,1
"1526",1526,455,192,92,18,7.5,5,1,0,1
"1527",1527,99,62,45,6,13.5,10,1,0,1
"1528",1528,94,64,45,7,12.5,12,1,0,1
"1529",1529,119,77,53,8,10.5,10,1,1,0
"1530",1530,108,76,46,10,12,10,1,0,1
"1531",1531,118,78,46,10,13.5,10,1,0,1
"1532",1532,97,56,43,5,6.5,7,1,1,1
"1533",1533,115,65,39,9,12.5,3,1,0,0
"1534",1534,107,68,46,8,10.5,10,0,0,1
"1535",1535,90,60,38,8,12,10,0,0,0
"1536",1536,122,75,46,11,13.5,15,1,0,1
"1537",1537,180,91,58,8,11,2,0,1,1
"1538",1538,125,80,45,11,12,2,1,0,1
"1539",1539,85,57,43,6,12,12,1,1,0
"1540",1540,115,60,44,6,6.5,5,1,0,1
"1541",1541,100,63,42,7,13.5,15,1,1,1
"1542",1542,118,64,43,9,10.5,7,0,0,1
"1543",1543,115,75,47,10,13,10,1,0,1
"1544",1544,90,60,43,6,13.5,5,0,0,0
"1545",1545,95,64,39,8,12.5,10,1,0,0
"1546",1546,110,75,45,8,13.5,10,0,0,0
"1547",1547,190,84,55,9,4.5,5,1,1,1
"1548",1548,79,51,34,6,13.5,10,1,0,1
"1549",1549,79,51,34,6,13.5,10,1,0,1
"1550",1550,95,64,45,7,12.5,10,1,0,1
"1551",1551,95,61,38,8,11.5,7,1,0,1
"1552",1552,105,63,42,8,12,15,1,1,1
"1553",1553,83,57,44,6,17,10,0,0,1
"1554",1554,85,60,43,10,13,7,0,0,0
"1555",1555,83,60,38,9,12,10,1,0,0
"1556",1556,91,62,38,7,13.5,7,0,0,0
"1557",1557,87,58,37,7,13.5,15,0,0,1
"1558",1558,85,58,40,5,14.5,10,0,1,1
"1559",1559,120,80,45,13,12,10,1,0,1
"1560",1560,105,63,39,8,12.5,10,1,0,1
"1561",1561,125,90,54,8,12,15,0,0,1
"1562",1562,200,88,60,7,3,5,1,1,1
"1563",1563,135,79,45,13,15.5,7,1,0,1
"1564",1564,72,50,34,7,17,10,1,0,1
"1565",1565,117,77,44,10,17,3,1,0,0
"1566",1566,120,68,47,8,12.5,5,0,0,0
"1567",1567,96,59,42,6,13.5,7,1,0,1
"1568",1568,114,75,54,7,12,7,1,1,1
"1569",1569,115,78,46,10,12,15,0,0,1
"1570",1570,100,66,43,7,12,7,0,0,1
"1571",1571,168,84,54,8,7.5,10,1,1,1
"1572",1572,120,80,47,9,13.5,10,0,0,1
"1573",1573,89,65,40,8,13,7,0,0,1
"1574",1574,92,60,44,6,12.5,15,1,0,0
"1575",1575,140,68,44,10,5,7,1,0,1
"1576",1576,145,72,50,7,4.5,5,1,1,0
"1577",1577,130,83,48,9,12.7,5,1,0,1
"1578",1578,115,79,47,11,12,10,1,0,1
"1579",1579,127,81,49,8,12,5,1,0,1
"1580",1580,150,80,44,12,11.5,5,0,0,1
"1581",1581,90,60,43,6,12,5,0,0,1
"1582",1582,109,67,45,11,13.5,5,0,0,1
"1583",1583,91,65,39,8,13,5,0,0,1
"1584",1584,95,65,46,7,12.5,15,1,0,1
"1585",1585,90,51,35,6,7,3,1,0,1
"1586",1586,145,78,47,8,11,8,1,1,1
"1587",1587,130,72,47,10,13.5,7,1,1,0
"1588",1588,94,60,44,6,15.5,5,1,0,1
"1589",1589,89,62,38,9,13,4,0,0,0
"1590",1590,151,86,54,10,10.5,5,0,0,1
"1591",1591,91,60,44,6,12,10,1,1,1
"1592",1592,101,55,39,6,4.5,12,1,1,0
"1593",1593,98,64,43,7,17,5,0,0,1
"1594",1594,110,74,44,10,13.5,15,0,0,1
"1595",1595,105,67,45,9,12,7,0,0,1
"1596",1596,110,77,45,10,12,10,0,0,1
"1597",1597,98,63,39,7,14.5,10,0,0,0
"1598",1598,85,57,40,6,14.5,10,0,1,1
"1599",1599,100,68,53,6,12,10,1,0,1
"1600",1600,170,76,50,10,5,5,1,1,1
"1601",1601,88,63,37,8,13,5,0,0,1
"1602",1602,105,56,42,6,3,15,1,1,1
"1603",1603,150,76,50,8,9,7,1,1,1
"1604",1604,105,65,47,9,12.5,5,1,0,1
"1605",1605,105,77,46,8,12,15,0,0,0
"1606",1606,85,60,40,7,12,5,0,0,1
"1607",1607,110,75,43,10,12.7,5,1,0,1
"1608",1608,185,86,47,8,3,3,1,1,1
"1609",1609,185,79,47,10,3,3,1,1,1
"1610",1610,138,65,44,9,4.5,2,1,0,1
"1611",1611,123,83,50,11,12.7,15,1,0,1
"1612",1612,107,69,45,10,12,10,1,0,1
"1613",1613,95,64,45,6,12.5,10,1,0,1
"1614",1614,95,64,45,6,12.5,10,1,0,0
"1615",1615,114,74,44,11,12.7,10,1,0,1
"1616",1616,82,57,46,6,12,10,1,1,1
"1617",1617,85,57,37,5,12,7,0,0,1
"1618",1618,85,57,37,5,12,7,0,0,1
"1619",1619,105,75,45,10,13,10,0,0,1
"1620",1620,96,60,45,6,10.5,15,1,0,1
"1621",1621,170,79,50,9,4.5,2,1,0,0
"1622",1622,135,72,49,8,8,5,0,1,1
"1623",1623,105,68,41,8,17,5,1,0,0
"1624",1624,145,75,46,10,7,10,0,0,1
"1625",1625,98,65,44,9,14.5,7,0,0,1
"1626",1626,110,68,45,6,12.5,10,1,0,1
"1627",1627,127,76,42,10,13.5,10,0,0,1
"1628",1628,132,78,46,10,12.5,12,1,0,0
"1629",1629,110,69,44,10,12,5,1,0,1
"1630",1630,195,110,55,11,12,1,1,1,1
"1631",1631,127,79,46,10,17,5,1,0,1
"1632",1632,94,64,45,6,12.5,12,1,0,1
"1633",1633,145,73,45,7,9,1,1,1,1
"1634",1634,125,78,60,11,14.5,10,0,0,1
"1635",1635,76,53,39,6,12,10,1,0,1
"1636",1636,132,76,43,8,12.5,5,1,0,1
"1637",1637,93,62,37,8,12.5,10,1,0,1
"1638",1638,152,79,53,8,9,3,1,0,1
"1639",1639,89,55,37,6,10.5,10,1,1,1
"1640",1640,105,66,48,8,12,1,1,0,0
"1641",1641,95,56,39,5,9,7,1,1,1
"1642",1642,120,63,40,8,6,7,1,1,1
"1643",1643,158,78,48,9,9,4,1,1,1
"1644",1644,97,57,42,6,13.5,5,0,1,1
"1645",1645,106,70,43,10,12.7,10,1,0,0
"1646",1646,190,87,62,10,4.5,5,1,1,1
"1647",1647,115,69,46,6,12,5,1,1,1
"1648",1648,119,75,46,10,12,7,0,0,0
"1649",1649,107,76,44,9,13,15,1,0,1
"1650",1650,137,83,48,12,15.5,10,1,0,1
"1651",1651,140,75,54,8,12,5,1,1,0
"1652",1652,90,56,40,5,12.5,5,1,1,1
"1653",1653,110,67,41,9,13.5,10,0,0,0
"1654",1654,140,82,47,11,12.5,10,1,1,0
"1655",1655,117,70,39,8,12.5,12,1,1,1
"1656",1656,130,67,46,7,9,5,1,1,1
"1657",1657,85,58,39,6,12.5,10,1,0,0
"1658",1658,164,101,51,15,12.7,5,1,0,1
"1659",1659,95,58,38,6,12,8,1,0,1
"1660",1660,110,70,40,9,13.5,5,1,0,0
"1661",1661,136,78,45,10,12,10,1,0,0
"1662",1662,85,58,37,6,13.5,15,0,0,1
"1663",1663,98,68,44,8,10.5,10,1,0,1
"1664",1664,87,60,43,6,13.5,10,0,0,1
"1665",1665,87,60,43,6,13.5,10,0,0,1
"1666",1666,98,58,42,6,12,10,1,1,1
"1667",1667,77,50,34,6,13.5,2,1,0,1
"1668",1668,121,77,46,10,12.5,10,1,0,1
"1669",1669,125,76,47,11,11,7,1,0,1
"1670",1670,95,63,40,8,12.5,10,1,0,1
"1671",1671,143,80,47,9,12.5,3,1,0,1
"1672",1672,112,75,42,10,12,5,0,0,1
"1673",1673,90,56,42,6,12.5,7,1,1,1
"1674",1674,80,50,34,6,11.5,10,1,0,1
"1675",1675,94,61,38,9,12,5,0,0,1
"1676",1676,180,88,55,11,6,3,1,0,1
"1677",1677,94,65,45,7,14.5,10,1,0,0
"1678",1678,117,78,44,10,12,5,1,0,1
"1679",1679,113,75,45,10,13,10,1,0,1
"1680",1680,175,83,55,9,3,15,1,1,1
"1681",1681,135,79,48,9,10.5,5,1,1,0
"1682",1682,115,76,40,11,12.7,10,1,0,1
"1683",1683,100,65,46,6,15.5,7,1,0,1
"1684",1684,108,64,40,9,12,10,0,0,1
"1685",1685,119,77,40,10,12.7,5,0,0,1
"1686",1686,125,80,45,13,13,10,0,0,0
"1687",1687,85,60,43,6,12,5,1,0,1
"1688",1688,128,77,47,12,11,7,1,0,1
"1689",1689,86,61,43,6,13.5,15,1,0,1
"1690",1690,148,74,51,9,7.5,10,1,1,1
"1691",1691,113,80,48,8,12,10,1,0,1
"1692",1692,98,59,39,6,7.5,10,0,0,1
"1693",1693,75,51,36,6,17,5,0,0,1
"1694",1694,113,80,46,10,13,10,0,0,1
"1695",1695,150,85,61,8,12,7,1,1,1
"1696",1696,99,57,42,6,6.5,7,1,1,1
"1697",1697,145,73,50,9,9,7,1,1,0
"1698",1698,268,121,60,16,7.5,5,1,0,1
"1699",1699,185,90,54,13,7.5,7,1,1,1
"1700",1700,113,78,47,10,12,10,1,0,1
"1701",1701,78,55,37,6,10.5,7,1,0,1
"1702",1702,129,79,46,13,12,15,1,0,1
"1703",1703,130,75,45,10,12,10,0,0,1
"1704",1704,116,75,46,10,13.5,10,0,0,1
"1705",1705,93,63,40,8,11,12,1,0,1
"1706",1706,108,57,40,6,9,3,1,1,1
"1707",1707,110,76,46,10,13,7,1,0,1
"1708",1708,73,51,34,6,13.5,10,1,0,1
"1709",1709,147,74,49,9,7.5,10,1,1,1
"1710",1710,78,51,33,6,7,7,1,0,1
"1711",1711,85,59,38,6,13.5,10,1,0,1
"1712",1712,134,69,47,8,5,10,1,0,1
"1713",1713,103,74,45,9,13,10,1,0,1
"1714",1714,127,74,53,8,11,10,1,1,1
"1715",1715,115,78,44,10,12,7,1,0,1
"1716",1716,93,66,39,8,14.5,15,1,0,1
"1717",1717,95,65,45,7,15.5,7,1,0,1
"1718",1718,88,60,42,6,11,10,1,1,1
"1719",1719,135,81,44,10,14.5,7,0,0,1
"1720",1720,105,66,40,8,12.5,5,1,0,1
"1721",1721,105,66,40,8,12.5,5,1,0,1
"1722",1722,118,80,45,13,12,15,1,0,1
"1723",1723,125,73,52,8,11,10,1,1,1
"1724",1724,94,64,38,9,12,11,0,0,1
"1725",1725,93,64,38,8,14.5,10,1,0,1
"1726",1726,105,66,44,7,13.5,10,1,0,1
"1727",1727,110,65,41,11,12.5,15,1,1,1
"1728",1728,147,80,50,8,7.5,5,0,0,1
"1729",1729,110,57,37,7,9,1,1,1,1
"1730",1730,118,83,44,10,12.7,10,1,0,1
"1731",1731,105,68,46,8,15.5,10,1,0,0
"1732",1732,105,73,45,8,11,10,1,0,0
"1733",1733,125,75,45,10,13.5,10,0,0,1
"1734",1734,135,74,44,10,10.5,7,1,0,0
"1735",1735,119,80,48,10,12.7,12,1,0,1
"1736",1736,88,60,44,6,13.5,10,0,0,1
"1737",1737,95,63,39,8,17,1,1,0,1
"1738",1738,78,58,37,6,12,10,0,0,1
"1739",1739,132,77,43,8,12.5,5,1,0,1
"1740",1740,135,82,48,9,10.5,10,0,0,0
"1741",1741,93,61,45,6,14.5,10,1,0,1
"1742",1742,103,69,44,9,14.5,10,0,0,1
"1743",1743,92,63,38,8,12,10,0,0,1
"1744",1744,99,65,40,8,12.5,10,1,0,1
"1745",1745,114,75,44,10,13,2,1,0,1
"1746",1746,132,77,41,10,10,7,0,0,1
"1747",1747,95,60,43,7,12.5,5,1,0,1
"1748",1748,140,74,53,8,11,5,1,1,1
"1749",1749,122,68,44,8,10.5,5,0,0,1
"1750",1750,96,65,40,8,14.5,15,1,0,0
"1751",1751,89,60,38,6,13.5,7,1,0,1
"1752",1752,105,66,46,11,12,7,1,0,0
"1753",1753,92,64,38,8,10.5,15,1,0,0
"1754",1754,160,79,54,9,7,3,1,0,1
"1755",1755,130,74,45,10,12,1,1,0,1
"1756",1756,155,77,50,8,8,5,0,1,1
"1757",1757,92,58,42,6,13.5,7,1,1,1
"1758",1758,96,64,41,9,13.5,12,1,0,1
"1759",1759,105,74,45,10,13,10,1,0,0
"1760",1760,93,59,38,6,13.5,7,1,0,0
"1761",1761,132,80,54,10,12,10,1,0,1
"1762",1762,90,63,44,6,17,5,1,0,1
"1763",1763,110,65,46,7,12.5,5,1,0,1
"1764",1764,110,68,46,8,13.5,10,0,0,1
"1765",1765,73,51,34,6,12,7,1,0,0
"1766",1766,73,51,34,6,12,7,1,0,0
"1767",1767,88,60,44,6,17,7,0,0,1
"1768",1768,120,83,49,9,12,10,0,0,1
"1769",1769,120,66,43,10,9,10,0,0,1
"1770",1770,102,65,44,7,15.5,5,1,0,1
"1771",1771,98,65,44,7,11.5,15,1,0,1
"1772",1772,160,82,54,8,9,7,1,1,1
"1773",1773,107,75,44,10,12.7,10,1,0,1
"1774",1774,125,75,46,10,14.5,7,0,0,1
"1775",1775,130,78,46,10,14.5,7,1,0,1
"1776",1776,120,65,44,8,9,5,1,0,1
"1777",1777,95,57,42,6,6.5,7,1,1,1
"1778",1778,130,70,47,8,9,5,1,0,1
"1779",1779,140,80,51,10,13.5,10,1,1,1
"1780",1780,106,68,47,8,13.5,7,0,0,1
"1781",1781,110,65,40,8,12.5,5,1,0,0
"1782",1782,110,77,47,10,13,10,1,0,1
"1783",1783,112,76,40,11,12.7,7,0,0,1
"1784",1784,155,72,53,8,3,10,1,1,1
"1785",1785,103,63,38,9,12.5,10,1,0,1
"1786",1786,87,59,44,6,13.5,10,1,0,1
"1787",1787,160,90,60,12,12.7,1,1,1,1
"1788",1788,100,65,41,8,14.5,5,0,0,1
"1789",1789,140,81,50,7,12,10,1,1,0
"1790",1790,135,72,51,8,9,5,1,1,1
"1791",1791,86,58,43,6,17,5,1,0,1
"1792",1792,140,73,44,10,10.5,5,1,1,0
"1793",1793,112,77,45,10,17,10,0,0,1
"1794",1794,115,81,47,9,12.7,10,1,0,0
"1795",1795,135,82,46,13,12,5,1,0,1
"1796",1796,200,100,60,12,7,7,0,0,1
"1797",1797,90,57,40,5,13.5,10,1,1,1
"1798",1798,180,83,58,10,3,10,1,1,1
"1799",1799,98,60,47,6,14.5,7,1,1,0
"1800",1800,158,88,61,9,10.5,15,1,1,1
"1801",1801,90,57,42,6,11,5,1,1,1
"1802",1802,135,75,46,10,7,12,0,0,1
"1803",1803,90,60,42,6,17,3,1,0,1
"1804",1804,99,63,43,9,13.5,7,0,0,1
"1805",1805,103,64,44,10,15.5,7,1,0,1
"1806",1806,114,73,44,10,13.5,10,0,0,0
"1807",1807,112,74,44,11,12.7,10,1,0,1
"1808",1808,94,64,45,7,14.5,10,0,0,1
"1809",1809,157,80,48,9,7,5,0,0,1
"1810",1810,78,51,34,6,13.5,10,1,1,1
"1811",1811,126,74,43,10,12.5,3,1,0,1
"1812",1812,87,57,45,6,12,15,1,0,1
"1813",1813,130,79,44,10,13.5,10,0,0,1
"1814",1814,103,64,40,8,10.5,10,0,0,0
"1815",1815,89,60,45,6,13.5,10,0,0,1
"1816",1816,90,61,45,6,13.5,15,1,0,1
"1817",1817,86,58,44,6,17,5,1,0,1
"1818",1818,131,79,45,12,14.5,5,0,0,1
"1819",1819,140,89,51,10,12,3,1,0,1
"1820",1820,130,73,52,7,11,5,1,1,1
"1821",1821,132,78,46,14,12.5,12,1,0,0
"1822",1822,70,52,34,6,12,10,1,0,0
"1823",1823,112,75,45,10,12,7,1,0,1
"1824",1824,112,67,38,7,10.5,10,0,1,1
"1825",1825,120,74,40,12,12.7,7,1,1,1
"1826",1826,74,51,35,6,13.5,10,1,0,0
"1827",1827,74,51,35,6,13.5,10,1,0,0
"1828",1828,107,73,47,9,17,15,0,1,0
"1829",1829,145,84,53,19,15.5,15,1,0,1
"1830",1830,100,65,39,8,14.5,10,0,0,1
"1831",1831,103,67,43,9,13.5,10,0,0,1
"1832",1832,130,74,48,12,12,15,1,1,1
"1833",1833,117,75,42,10,12,5,1,0,1
"1834",1834,87,58,38,6,12,15,1,0,0
"1835",1835,185,108,65,12,13.5,10,0,0,1
"1836",1836,100,66,44,6,12.5,10,1,0,1
"1837",1837,84,59,44,6,12,10,1,0,1
"1838",1838,80,54,35,6,12,8,1,1,0
"1839",1839,94,65,45,7,17,10,1,0,0
"1840",1840,82,51,35,6,12.5,5,1,0,1
"1841",1841,95,61,37,6,13.5,7,1,0,1
"1842",1842,120,81,48,8,13,7,1,0,1
"1843",1843,125,76,45,10,13.5,10,0,0,1
"1844",1844,102,65,44,7,13.5,10,1,0,1
"1845",1845,170,87,58,8,7.5,7,1,1,1
"1846",1846,110,73,45,10,15.5,10,1,0,1
"1847",1847,85,59,45,6,12,5,1,0,1
"1848",1848,82,57,42,5,12.7,10,1,1,1
"1849",1849,140,66,47,6,4.5,2,1,1,0
"1850",1850,110,77,40,11,12.7,15,1,0,1
"1851",1851,138,66,44,9.5,4.5,3,1,0,1
"1852",1852,100,60,43,7,12.5,5,1,0,1
"1853",1853,115,78,48,10,12,10,0,0,0
"1854",1854,85,56,36,5,10.5,15,0,0,1
"1855",1855,120,74,53,8,10.5,10,1,1,1
"1856",1856,90,60,40,7,13.5,9,1,0,1
"1857",1857,94,64,43,9,12,7,1,0,1
"1858",1858,98,64,42,7,14.5,5,0,0,1
"1859",1859,105,72,43,10,12,10,1,0,1
"1860",1860,130,78,46,11,13.5,10,1,0,1
"1861",1861,138,66,44,9,4.5,2,1,0,1
"1862",1862,110,70,42,10,14.5,7,0,0,1
"1863",1863,152,95,62,10,12.7,5,1,0,1
"1864",1864,115,79,48,9,13,7,1,0,1
"1865",1865,107,72,43,10,13,5,0,0,0
"1866",1866,105,65,40,8,13.5,7,1,0,1
"1867",1867,92,60,41,6,14.5,7,1,0,0
"1868",1868,87,58,44,5,10.5,5,1,0,1
"1869",1869,117,78,45,11,13,10,0,0,1
"1870",1870,96,63,45,6,12.5,10,1,0,1
"1871",1871,140,78,46,11,12,5,1,0,1
"1872",1872,96,63,38,8,12.5,15,1,0,1
"1873",1873,105,68,43,9,13.5,10,1,0,1
"1874",1874,92,60,45,6,15.5,5,1,0,1
"1875",1875,114,75,44,10,12.7,7,1,0,1
"1876",1876,87,60,43,6,12,7,0,0,1
"1877",1877,115,65,47,8,13.5,3,1,1,1
"1878",1878,138,69,45,9,4.5,5,1,0,1
"1879",1879,126,80,40,14,12,10,0,0,1
"1880",1880,120,75,45,10,14.5,10,0,0,1
"1881",1881,124,77,44,10,14.5,5,0,0,1
"1882",1882,230,110,52,17,11.5,5,1,1,1
"1883",1883,127,74,45,11,12,10,0,0,0
"1884",1884,129,76,48,10,12.5,5,0,0,1
"1885",1885,118,75,46,10,17,5,1,0,1
"1886",1886,105,60,35,8,11,5,1,1,1
"1887",1887,85,58,41,7,14.5,10,0,0,1
"1888",1888,200,102,73,10,9,7,1,0,1
"1889",1889,93,62,38,7,17,3,1,0,1
"1890",1890,126,83,50,9,14.5,15,1,0,0
"1891",1891,120,79,44,10,13,3,1,0,1
"1892",1892,139,73,51,9,7.5,10,0,1,0
"1893",1893,110,76,50,8,13,10,1,0,1
"1894",1894,112,65,44,9,13.5,1,1,0,0
"1895",1895,88,60,43,6,12,5,0,0,0
"1896",1896,116,75,42,9,13.5,10,0,0,1
"1897",1897,88,60,44,10,12,10,0,0,0
"1898",1898,90,62,46,8,14.5,15,0,0,1
"1899",1899,88,59,44,6,13.5,10,1,0,1
"1900",1900,112,76,46,10,12,10,0,0,1
"1901",1901,86,53,36,7,11.5,5,1,0,0
"1902",1902,110,71,44,8,15.5,7,0,0,1
"1903",1903,83,60,44,6,17,10,1,0,1
"1904",1904,97,64,45,7,13.5,10,1,0,1
"1905",1905,317,135,70,20,9,2,1,0,1
"1906",1906,110,65,39,9,12.5,2,1,0,0
"1907",1907,137,76,50,9,11,7,1,1,1
"1908",1908,95,61,43,6,14.5,5,1,0,1
"1909",1909,123,66,43,8,10,5,1,1,1
"1910",1910,136,78,46,10,12.5,5,0,0,0
"1911",1911,95,65,45,7,14.5,12,1,0,1
"1912",1912,139,86,51,10,10.5,7,0,0,1
"1913",1913,110,60,40,7,9,7,0,1,1
"1914",1914,95,64,45,7,14.5,10,1,0,1
"1915",1915,135,77,50,8,10.5,10,0,1,1
"1916",1916,148,92,61,10,10.5,15,1,1,1
"1917",1917,178,80,54,9,3,5,1,1,1
"1918",1918,115,66,38,7,11,7,1,1,1
"1919",1919,107,75,44,8,12,10,1,0,0
"1920",1920,81,53,34,6,12.5,10,1,0,0
"1921",1921,130,75,44,10,12.5,5,1,0,1
"1922",1922,108,67,45,8,14.5,5,0,0,1
"1923",1923,102,58,41,6,11,5,1,1,1
"1924",1924,120,68,45,8,10.5,5,0,0,1
"1925",1925,113,75,45,10,12,7,1,0,1
"1926",1926,96,60,40,8,12.5,10,1,0,1
"1927",1927,95,60,44,6,12,10,1,0,0
"1928",1928,125,78,50,9,13.5,15,1,1,0
"1929",1929,87,56,35,6,12,7,1,0,1
"1930",1930,110,77,40,12,12.7,15,1,0,1
"1931",1931,150,78,50,9,9,5,1,1,1
"1932",1932,90,59,45,6,15.5,5,0,0,1
"1933",1933,108,64,40,9,12,10,0,1,1
"1934",1934,127,74,42,9,12,5,1,0,1
"1935",1935,115,79,46,10,12.7,10,1,0,1
"1936",1936,115,81,50,8,13,10,1,0,1
"1937",1937,73,50,35,7,17,5,1,0,0
"1938",1938,88,64,46,7,17,15,1,0,0
"1939",1939,115,76,54,9,13,5,1,0,0
"1940",1940,100,57,40,6,8,5,1,0,1
"1941",1941,110,74,45,10,12.7,7,1,0,1
"1942",1942,94,62,38,8,17,3,1,0,1
"1943",1943,85,55,35,6,12,10,1,0,1
"1944",1944,119,74,52,8,10.5,10,1,1,1
"1945",1945,145,85,52,11,14.5,5,0,0,1
"1946",1946,145,85,52,11,14.5,5,0,0,1
"1947",1947,140,81,50,13,15.5,2,1,0,1
"1948",1948,116,82,44,10,12.7,15,1,0,1
"1949",1949,105,66,44,7,13.5,7,0,0,1
"1950",1950,105,66,44,7,13.5,7,1,0,1
"1951",1951,127,74,44,8,11,10,1,1,0
"1952",1952,185,90,52,12,6,7,1,0,1
"1953",1953,88,59,44,6,14.5,10,1,0,1
"1954",1954,95,55,42,5,10.5,5,0,1,1
"1955",1955,131,76,45,10,12,7,1,0,1
"1956",1956,115,76,45,10,12.7,5,0,0,1
"1957",1957,83,61,38,6,13,10,0,0,0
"1958",1958,125,77,44,10,14.5,7,1,0,1
"1959",1959,75,51,34,6,14.5,7,0,0,1
"1960",1960,158,78,48,12,9,4,1,1,1
"1961",1961,93,59,38,6,13.5,10,1,1,0
"1962",1962,130,80,45,13,12,5,0,0,1
"1963",1963,108,66,43,11,13.5,10,1,0,1
"1964",1964,135,83,53,9,13.5,10,0,0,1
"1965",1965,185,108,62,12,13.5,10,0,0,1
"1966",1966,120,64,46,6,7,3,1,0,1
"1967",1967,110,67,45,8,13.5,5,0,0,1
"1968",1968,93,61,43,6,14.5,7,0,0,1
"1969",1969,100,55,38,6,3.5,5,1,1,0
"1970",1970,115,77,46,10,12.7,7,1,0,1
"1971",1971,160,80,52,9,7.5,7,1,1,0
"1972",1972,142,77,44,10,7,10,0,0,1
"1973",1973,142,77,44,10,7,10,0,0,1
"1974",1974,108,58,41,6,9,3,1,1,1
"1975",1975,110,66,45,10,11.5,10,1,0,1
"1976",1976,105,72,43,10,13,10,1,0,0
"1977",1977,122,81,46,13,12,15,1,0,1
"1978",1978,110,76,45,10,13,10,1,0,1
"1979",1979,114,77,45,10,12,10,0,0,1
"1980",1980,114,77,45,10,12,10,0,0,1
"1981",1981,99,60,39,8,12,5,0,0,1
"1982",1982,175,79,50,9,4.5,1,1,1,0
"1983",1983,79,51,34,6,13.5,5,1,0,1
"1984",1984,110,60,44,6,7,5,0,0,1
"1985",1985,85,59,43,6,13.5,15,0,0,1
"1986",1986,103,67,43,9,15.5,7,1,0,1
"1987",1987,120,78,43,12,14.5,15,0,0,1
"1988",1988,93,64,44,6,17,5,1,0,1
"1989",1989,152,81,54,8,7.5,12,1,1,1
"1990",1990,83,55,37,6,12,5,1,1,1
"1991",1991,110,67,44,9,11.5,10,0,0,1
"1992",1992,130,81,48,9,13.5,10,0,0,1
"1993",1993,105,57,44,6,9,5,1,1,0
"1994",1994,113,76,46,10,13,7,1,0,1
"1995",1995,120,67,46,10,9,10,1,0,1
"1996",1996,94,56,33,8,11.5,3,1,0,1
"1997",1997,116,68,43,8,6.5,10,1,1,1
"1998",1998,103,63,38,8,10.5,10,0,0,1
"1999",1999,80,50,34,6,12,5,0,0,0
"2000",2000,86,56,39,6,12.5,10,0,0,1
"2001",2001,107,67,41,9,12.5,10,1,0,1
"2002",2002,107,67,46,8,13.5,7,0,0,1
"2003",2003,120,75,45,10,13.5,10,0,0,1
"2004",2004,94,61,44,6,12.5,10,1,0,1
"2005",2005,105,58,41,6,7.5,10,1,1,1
"2006",2006,120,80,45,13,12,15,1,0,1
"2007",2007,95,66,39,8,14.5,15,1,0,1
"2008",2008,171,90,63,10,10.5,3,1,0,1
"2009",2009,92,61,33,7,10.5,10,1,1,0
"2010",2010,140,77,46,10,8,10,1,0,1
"2011",2011,87,60,43,6,12,5,0,0,1
"2012",2012,150,77,45,10,5,10,1,0,1
"2013",2013,140,77,45,10,10,5,1,0,1
"2014",2014,85,60,38,6,17,7,1,0,0
"2015",2015,85,60,38,6,17,7,1,0,0
"2016",2016,110,67,49,6,12.5,10,1,1,0
"2017",2017,86,59,43,6,17,5,1,0,1
"2018",2018,120,59,45,6,3,3,1,0,1
"2019",2019,120,82,44,11,12.7,12,1,0,1
"2020",2020,84,60,43,6,12,10,1,0,1
"2021",2021,140,80,45,13,13.5,5,0,0,1
"2022",2022,95,64,45,6,14.5,10,1,0,1
"2023",2023,145,76,44,24,12.7,2,1,0,0
"2024",2024,112,72,50,9,17,10,1,1,0
"2025",2025,102,58,40,6,10.5,5,1,1,0
"2026",2026,126,68,47,8,8,5,0,0,1
"2027",2027,92,60,44,6,15.5,3,1,0,1
"2028",2028,94,61,42,6,12.5,10,1,0,1
"2029",2029,127,77,46,10,12.5,10,1,0,1
"2030",2030,99,66,44,8,12,5,1,0,0
"2031",2031,130,75,45,8,11,10,1,1,1
"2032",2032,110,77,46,8,12,12,0,0,0
"2033",2033,95,64,45,7,17,5,1,0,1
"2034",2034,80,54,37,6,12,7,1,1,0
"2035",2035,110,75,45,10,12.7,10,1,0,1
"2036",2036,117,76,43,10,12,5,1,0,1
"2037",2037,91,60,44,6,14.5,7,1,0,1
"2038",2038,94,65,40,8,14.5,15,1,0,1
"2039",2039,110,74,44,10,13,7,1,0,1
"2040",2040,90,61,43,6,14.5,10,1,0,1
